{"stats":{"minecraft:picked_up":{"minecraft:apple":57,"minecraft:leather":2,"minecraft:wheat_seeds":3,"minecraft:beef":2},"minecraft:dropped":{"minecraft:wheat_seeds":1,"minecraft:white_concrete":1},"minecraft:custom":{"minecraft:time_since_rest":17665,"minecraft:crouch_one_cm":2409,"minecraft:play_time":17665,"minecraft:sprint_one_cm":22246,"minecraft:walk_one_cm":30495,"minecraft:sneak_time":634,"minecraft:walk_under_water_one_cm":419,"minecraft:mob_kills":1,"minecraft:drop":2,"minecraft:jump":236,"minecraft:damage_dealt":10,"minecraft:time_since_death":17665,"minecraft:walk_on_water_one_cm":101,"minecraft:total_world_time":17665,"minecraft:swim_one_cm":1692,"minecraft:fall_one_cm":3762,"minecraft:fly_one_cm":52549},"minecraft:killed":{"minecraft:cow":1},"minecraft:mined":{"minecraft:grass":3},"minecraft:used":{"minecraft:redstone_lamp":8,"minecraft:purple_concrete":33,"minecraft:black_concrete":97,"minecraft:dirt":1,"minecraft:bow":2,"minecraft:grass_block":1,"alexsmobs:animal_dictionary":1,"alexsmobs:spawn_egg_spectre":1,"minecraft:white_concrete":37,"minecraft:blue_concrete":25}},"DataVersion":3465}