{"stats":{"minecraft:picked_up":{"minecraft:wheat_seeds":1},"minecraft:custom":{"minecraft:jump":145,"minecraft:time_since_rest":5665,"minecraft:damage_dealt":10,"minecraft:walk_on_water_one_cm":101,"minecraft:sprint_one_cm":9209,"minecraft:play_time":5665,"minecraft:time_since_death":5665,"minecraft:walk_one_cm":5031,"minecraft:sneak_time":6,"minecraft:total_world_time":5665,"minecraft:walk_under_water_one_cm":419,"minecraft:mob_kills":1,"minecraft:swim_one_cm":1692,"minecraft:fall_one_cm":3762,"minecraft:fly_one_cm":26041},"minecraft:killed":{"minecraft:cow":1},"minecraft:mined":{"minecraft:grass":3},"minecraft:used":{"alexsmobs:spawn_egg_spectre":1,"alexsmobs:animal_dictionary":1,"minecraft:bow":2,"minecraft:grass_block":1}},"DataVersion":3465}