{"stats":{"minecraft:broken":{"minecraft:stone_shovel":1},"minecraft:dropped":{"minecraft:wheat_seeds":2,"minecraft:apple":59,"minecraft:stick":129,"minecraft:grass":1,"minecraft:white_concrete":1},"minecraft:custom":{"minecraft:mob_kills":8,"minecraft:interact_with_anvil":4,"minecraft:interact_with_crafting_table":5,"minecraft:leave_game":3,"minecraft:time_since_death":27627,"minecraft:sleep_in_bed":1,"minecraft:climb_one_cm":330,"minecraft:time_since_rest":27653,"minecraft:sprint_one_cm":120890,"minecraft:damage_taken":1010,"minecraft:walk_one_cm":232255,"minecraft:drop":66,"minecraft:damage_dealt":1752,"minecraft:talked_to_villager":3,"minecraft:swim_one_cm":1692,"minecraft:fly_one_cm":279226,"minecraft:open_chest":18,"minecraft:crouch_one_cm":11385,"minecraft:play_time":108089,"minecraft:deaths":2,"minecraft:sneak_time":4513,"minecraft:walk_under_water_one_cm":529,"minecraft:jump":1198,"minecraft:walk_on_water_one_cm":14975,"minecraft:total_world_time":108089,"minecraft:fall_one_cm":17138,"minecraft:inspect_dispenser":33},"minecraft:picked_up":{"minecraft:crafting_table":4,"alexsmobs:maraca":1,"minecraft:feather":2,"minecraft:dark_oak_button":2,"minecraft:leather":2,"minecraft:oak_log":6,"minecraft:brewing_stand":2,"minecraft:yellow_bed":3,"minecraft:gunpowder":1,"minecraft:heavy_weighted_pressure_plate":3,"minecraft:dirt":207,"minecraft:armor_stand":126,"minecraft:bone":1,"minecraft:apple":128,"minecraft:stonecutter":2,"minecraft:wheat_seeds":16,"minecraft:iron_ingot":4,"minecraft:beef":2,"minecraft:redstone_torch":771,"minecraft:poppy":2,"minecraft:lectern":1,"minecraft:chest":4,"minecraft:book":12,"minecraft:stick":129,"minecraft:oak_fence":1,"minecraft:dandelion":6,"minecraft:white_bed":11,"minecraft:redstone":2,"minecraft:cauldron":4,"alexsmobs:animal_dictionary":2,"minecraft:arrow":1,"minecraft:grass":1,"minecraft:bread":7,"minecraft:oak_sapling":2,"minecraft:cobblestone":26},"minecraft:killed":{"minecraft:iron_golem":1,"minecraft:creeper":2,"minecraft:skeleton":2,"alexsmobs:cockroach":1,"alexsmobs:crow":1,"minecraft:cow":1},"minecraft:crafted":{"minecraft:oak_planks":24,"minecraft:stone_shovel":2,"minecraft:crafting_table":1,"minecraft:wooden_pickaxe":1,"minecraft:stone_axe":1,"minecraft:stick":12,"minecraft:stone_pickaxe":1},"minecraft:mined":{"minecraft:white_bed":11,"minecraft:brewing_stand":2,"minecraft:oak_fence":1,"minecraft:crafting_table":4,"minecraft:grass_block":62,"minecraft:chest":4,"minecraft:lectern":1,"minecraft:tall_grass":2,"minecraft:yellow_bed":3,"minecraft:grass":20,"minecraft:bookshelf":4,"minecraft:oak_log":6,"minecraft:dirt_path":17,"minecraft:water_cauldron":4,"minecraft:dirt":138,"minecraft:stonecutter":2,"minecraft:stone":26,"minecraft:oak_leaves":5},"minecraft:used":{"minecraft:oak_fence":70,"minecraft:water_bucket":33,"minecraft:damaged_anvil":1,"minecraft:stone_shovel":218,"minecraft:redstone_ore":1,"minecraft:armor_stand":15,"minecraft:stone_pickaxe":31,"minecraft:dispenser":8,"minecraft:redstone":49,"minecraft:chest":10,"minecraft:wooden_pickaxe":3,"minecraft:tinted_glass":31,"minecraft:redstone_block":1,"minecraft:torch":2,"alexsmobs:maraca":19,"minecraft:dirt":80,"minecraft:anvil":1,"minecraft:crafting_table":4,"minecraft:white_bed":9,"minecraft:sponge":9,"minecraft:blue_concrete":26,"minecraft:redstone_torch":13,"minecraft:oak_log":1,"minecraft:sticky_piston":2,"minecraft:black_concrete":153,"minecraft:apple":5,"minecraft:heavy_weighted_pressure_plate":14,"minecraft:lantern":7,"minecraft:grass_block":29,"minecraft:oak_stairs":2,"minecraft:bread":4,"minecraft:iron_door":2,"minecraft:dark_oak_button":11,"minecraft:stone_axe":48,"minecraft:purple_concrete":37,"minecraft:repeater":2,"minecraft:redstone_lamp":13,"minecraft:lime_concrete":37,"minecraft:bow":67,"minecraft:yellow_bed":3,"alexsmobs:spawn_egg_spectre":1,"alexsmobs:animal_dictionary":3,"minecraft:polished_blackstone_button":9,"minecraft:white_concrete":164,"minecraft:observer":8,"minecraft:cobweb":36,"minecraft:brown_bed":1}},"DataVersion":3465}