{"stats":{"minecraft:picked_up":{"minecraft:dark_oak_button":2,"minecraft:leather":2,"minecraft:dandelion":5,"minecraft:armor_stand":1,"minecraft:apple":57,"minecraft:wheat_seeds":13,"minecraft:beef":2},"minecraft:dropped":{"minecraft:wheat_seeds":1,"minecraft:white_concrete":1},"minecraft:custom":{"minecraft:time_since_rest":14526,"minecraft:sprint_one_cm":34638,"minecraft:walk_one_cm":58270,"minecraft:interact_with_anvil":2,"minecraft:mob_kills":2,"minecraft:drop":2,"minecraft:damage_dealt":10,"minecraft:swim_one_cm":1692,"minecraft:fly_one_cm":112696,"minecraft:open_chest":5,"minecraft:crouch_one_cm":4080,"minecraft:play_time":41665,"minecraft:sneak_time":1323,"minecraft:walk_under_water_one_cm":419,"minecraft:jump":336,"minecraft:walk_on_water_one_cm":1412,"minecraft:time_since_death":41665,"minecraft:sleep_in_bed":1,"minecraft:total_world_time":41665,"minecraft:fall_one_cm":3762},"minecraft:killed":{"minecraft:creeper":1,"minecraft:cow":1},"minecraft:mined":{"minecraft:grass":4},"minecraft:used":{"minecraft:oak_log":1,"minecraft:oak_fence":31,"minecraft:water_bucket":23,"minecraft:damaged_anvil":1,"minecraft:black_concrete":152,"minecraft:armor_stand":3,"minecraft:heavy_weighted_pressure_plate":4,"minecraft:lantern":7,"minecraft:grass_block":27,"minecraft:chest":6,"minecraft:tinted_glass":31,"minecraft:iron_door":2,"minecraft:dark_oak_button":11,"minecraft:purple_concrete":37,"minecraft:dirt":1,"minecraft:redstone_lamp":13,"minecraft:bow":60,"minecraft:sponge":9,"alexsmobs:spawn_egg_spectre":1,"alexsmobs:animal_dictionary":1,"minecraft:polished_blackstone_button":9,"minecraft:white_concrete":37,"minecraft:blue_concrete":26,"minecraft:brown_bed":1}},"DataVersion":3465}