{"stats":{"minecraft:picked_up":{"minecraft:apple":57,"minecraft:leather":2,"minecraft:wheat_seeds":3,"minecraft:beef":2},"minecraft:dropped":{"minecraft:wheat_seeds":1,"minecraft:white_concrete":1},"minecraft:custom":{"minecraft:open_chest":5,"minecraft:time_since_rest":2526,"minecraft:crouch_one_cm":3899,"minecraft:play_time":29665,"minecraft:sprint_one_cm":31063,"minecraft:walk_one_cm":49120,"minecraft:sneak_time":1198,"minecraft:walk_under_water_one_cm":419,"minecraft:mob_kills":2,"minecraft:drop":2,"minecraft:jump":296,"minecraft:damage_dealt":10,"minecraft:time_since_death":29665,"minecraft:walk_on_water_one_cm":101,"minecraft:sleep_in_bed":1,"minecraft:total_world_time":29665,"minecraft:swim_one_cm":1692,"minecraft:fall_one_cm":3762,"minecraft:fly_one_cm":73730},"minecraft:killed":{"minecraft:creeper":1,"minecraft:cow":1},"minecraft:mined":{"minecraft:grass":3},"minecraft:used":{"minecraft:oak_log":1,"minecraft:oak_fence":31,"minecraft:redstone_lamp":11,"minecraft:purple_concrete":35,"minecraft:black_concrete":150,"minecraft:dirt":1,"minecraft:bow":56,"minecraft:heavy_weighted_pressure_plate":4,"minecraft:lantern":3,"minecraft:grass_block":12,"minecraft:chest":6,"minecraft:polished_blackstone_button":9,"alexsmobs:animal_dictionary":1,"alexsmobs:spawn_egg_spectre":1,"minecraft:tinted_glass":31,"minecraft:white_concrete":37,"minecraft:iron_door":2,"minecraft:blue_concrete":26,"minecraft:dark_oak_button":9,"minecraft:brown_bed":1}},"DataVersion":3465}