{"stats":{"minecraft:picked_up":{"minecraft:dark_oak_button":2,"minecraft:leather":2,"minecraft:dandelion":5,"minecraft:redstone":2,"minecraft:heavy_weighted_pressure_plate":3,"minecraft:armor_stand":123,"minecraft:apple":57,"minecraft:wheat_seeds":13,"minecraft:beef":2,"minecraft:redstone_torch":771},"minecraft:dropped":{"minecraft:wheat_seeds":1,"minecraft:white_concrete":1},"minecraft:custom":{"minecraft:time_since_rest":38526,"minecraft:sprint_one_cm":46625,"minecraft:walk_one_cm":112644,"minecraft:interact_with_anvil":3,"minecraft:mob_kills":3,"minecraft:drop":2,"minecraft:damage_dealt":70,"minecraft:swim_one_cm":1692,"minecraft:fly_one_cm":133954,"minecraft:open_chest":5,"minecraft:crouch_one_cm":5214,"minecraft:play_time":65665,"minecraft:sneak_time":1993,"minecraft:walk_under_water_one_cm":419,"minecraft:jump":508,"minecraft:walk_on_water_one_cm":1412,"minecraft:time_since_death":65665,"minecraft:sleep_in_bed":1,"minecraft:total_world_time":65665,"minecraft:fall_one_cm":3762,"minecraft:inspect_dispenser":23},"minecraft:mined":{"minecraft:grass":4},"minecraft:killed":{"minecraft:skeleton":1,"minecraft:creeper":1,"minecraft:cow":1},"minecraft:used":{"minecraft:redstone_torch":12,"minecraft:oak_log":1,"minecraft:sticky_piston":2,"minecraft:oak_fence":55,"minecraft:water_bucket":23,"minecraft:damaged_anvil":1,"minecraft:black_concrete":153,"minecraft:redstone_ore":1,"minecraft:armor_stand":8,"minecraft:heavy_weighted_pressure_plate":13,"minecraft:lantern":7,"minecraft:grass_block":28,"minecraft:dispenser":8,"minecraft:redstone":44,"minecraft:chest":6,"minecraft:tinted_glass":31,"minecraft:redstone_block":1,"minecraft:iron_door":2,"minecraft:dark_oak_button":11,"minecraft:repeater":1,"minecraft:anvil":1,"minecraft:purple_concrete":37,"minecraft:dirt":32,"minecraft:redstone_lamp":13,"minecraft:lime_concrete":34,"minecraft:bow":63,"minecraft:sponge":9,"alexsmobs:spawn_egg_spectre":1,"alexsmobs:animal_dictionary":1,"minecraft:polished_blackstone_button":9,"minecraft:white_concrete":163,"minecraft:observer":8,"minecraft:blue_concrete":26,"minecraft:cobweb":20,"minecraft:brown_bed":1}},"DataVersion":3465}