{"stats":{"minecraft:broken":{"minecraft:stone_axe":1,"minecraft:stone_shovel":1},"minecraft:custom":{"minecraft:mob_kills":11,"minecraft:interact_with_anvil":4,"minecraft:interact_with_crafting_table":9,"minecraft:leave_game":4,"minecraft:time_since_death":42943,"minecraft:sleep_in_bed":3,"minecraft:climb_one_cm":330,"minecraft:time_since_rest":141,"minecraft:sprint_one_cm":138658,"minecraft:damage_taken":1229,"minecraft:walk_one_cm":275426,"minecraft:drop":86,"minecraft:damage_dealt":4750,"minecraft:talked_to_villager":5,"minecraft:swim_one_cm":1692,"minecraft:fly_one_cm":310777,"minecraft:open_chest":20,"minecraft:crouch_one_cm":14375,"minecraft:play_time":123405,"minecraft:deaths":2,"minecraft:sneak_time":5340,"minecraft:walk_under_water_one_cm":529,"minecraft:boat_one_cm":1446,"minecraft:jump":1385,"minecraft:walk_on_water_one_cm":15156,"minecraft:total_world_time":123405,"minecraft:fall_one_cm":20616,"minecraft:inspect_dispenser":33},"minecraft:picked_up":{"minecraft:crafting_table":5,"alexsmobs:maraca":1,"minecraft:feather":2,"minecraft:dark_oak_button":2,"minecraft:leather":2,"minecraft:oak_log":6,"minecraft:brewing_stand":2,"minecraft:yellow_bed":3,"minecraft:gunpowder":1,"minecraft:heavy_weighted_pressure_plate":3,"minecraft:dirt":248,"minecraft:armor_stand":126,"minecraft:bone":1,"minecraft:apple":128,"minecraft:stonecutter":2,"minecraft:wheat_seeds":16,"minecraft:iron_ingot":16,"minecraft:beef":2,"minecraft:oak_boat":8,"minecraft:redstone_torch":771,"minecraft:poppy":5,"minecraft:lectern":1,"minecraft:chest":4,"minecraft:book":12,"minecraft:stick":129,"minecraft:oak_fence":1,"minecraft:dandelion":6,"minecraft:white_bed":12,"minecraft:redstone":2,"minecraft:cauldron":4,"alexsmobs:animal_dictionary":2,"minecraft:arrow":1,"minecraft:grass":1,"minecraft:bread":7,"paraglider:horned_statue":3,"minecraft:oak_sapling":2,"minecraft:cobblestone":34},"minecraft:dropped":{"minecraft:bread":2,"minecraft:wheat_seeds":2,"paraglider:horned_statue":1,"minecraft:apple":59,"minecraft:stick":129,"minecraft:emerald":17,"minecraft:grass":1,"minecraft:white_concrete":1},"minecraft:killed":{"minecraft:iron_golem":4,"minecraft:creeper":2,"minecraft:skeleton":2,"alexsmobs:cockroach":1,"alexsmobs:crow":1,"minecraft:cow":1},"minecraft:crafted":{"minecraft:oak_planks":24,"minecraft:stone_shovel":2,"minecraft:crafting_table":2,"minecraft:wooden_pickaxe":1,"minecraft:bucket":1,"minecraft:stone_axe":2,"minecraft:oak_boat":1,"minecraft:stick":12,"minecraft:stone_pickaxe":1},"minecraft:mined":{"minecraft:white_bed":12,"minecraft:brewing_stand":2,"minecraft:oak_fence":1,"minecraft:crafting_table":5,"minecraft:grass_block":64,"minecraft:chest":4,"minecraft:lectern":1,"minecraft:tall_grass":2,"paraglider:horned_statue":3,"minecraft:yellow_bed":3,"minecraft:grass":20,"minecraft:bookshelf":4,"minecraft:oak_log":6,"minecraft:dirt_path":17,"minecraft:water_cauldron":4,"minecraft:dirt":177,"minecraft:stonecutter":2,"minecraft:stone":34,"minecraft:oak_leaves":5},"minecraft:used":{"minecraft:oak_fence":70,"minecraft:water_bucket":34,"minecraft:damaged_anvil":1,"minecraft:stone_shovel":260,"minecraft:redstone_ore":1,"minecraft:armor_stand":15,"minecraft:stone_pickaxe":42,"minecraft:dispenser":8,"minecraft:redstone":49,"minecraft:chest":10,"minecraft:wooden_pickaxe":3,"minecraft:tinted_glass":31,"minecraft:redstone_block":1,"minecraft:torch":2,"alexsmobs:maraca":20,"minecraft:dirt":123,"minecraft:anvil":1,"minecraft:crafting_table":7,"minecraft:white_bed":11,"minecraft:sponge":9,"minecraft:blue_concrete":26,"minecraft:redstone_torch":13,"minecraft:oak_log":1,"minecraft:sticky_piston":2,"paraglider:horned_statue":1,"minecraft:black_concrete":153,"minecraft:apple":6,"minecraft:heavy_weighted_pressure_plate":14,"minecraft:lantern":7,"minecraft:grass_block":29,"minecraft:oak_stairs":2,"minecraft:bread":13,"minecraft:iron_door":2,"minecraft:dark_oak_button":11,"minecraft:stone_axe":88,"minecraft:purple_concrete":37,"minecraft:repeater":2,"minecraft:redstone_lamp":13,"minecraft:lime_concrete":37,"minecraft:bow":67,"minecraft:bucket":2,"minecraft:oak_boat":9,"minecraft:yellow_bed":3,"alexsmobs:spawn_egg_spectre":1,"alexsmobs:animal_dictionary":3,"minecraft:polished_blackstone_button":9,"minecraft:white_concrete":164,"minecraft:observer":8,"minecraft:cobweb":36,"minecraft:brown_bed":1}},"DataVersion":3465}