{"stats":{"minecraft:picked_up":{"minecraft:stick":129,"minecraft:dark_oak_button":2,"minecraft:leather":2,"minecraft:dandelion":5,"minecraft:redstone":2,"minecraft:heavy_weighted_pressure_plate":3,"alexsmobs:animal_dictionary":2,"minecraft:armor_stand":124,"minecraft:apple":57,"minecraft:wheat_seeds":15,"minecraft:beef":2,"minecraft:grass":1,"minecraft:redstone_torch":771},"minecraft:dropped":{"minecraft:grass":1,"minecraft:wheat_seeds":2,"minecraft:white_concrete":1,"minecraft:stick":129},"minecraft:custom":{"minecraft:time_since_rest":2978,"minecraft:sprint_one_cm":64314,"minecraft:damage_taken":400,"minecraft:walk_one_cm":157120,"minecraft:interact_with_anvil":4,"minecraft:mob_kills":3,"minecraft:drop":7,"minecraft:damage_dealt":80,"minecraft:swim_one_cm":1692,"minecraft:fly_one_cm":201497,"minecraft:open_chest":5,"minecraft:crouch_one_cm":7494,"minecraft:play_time":83414,"minecraft:deaths":2,"minecraft:sneak_time":2948,"minecraft:walk_under_water_one_cm":419,"minecraft:jump":728,"minecraft:leave_game":1,"minecraft:walk_on_water_one_cm":14335,"minecraft:time_since_death":2952,"minecraft:sleep_in_bed":1,"minecraft:total_world_time":83414,"minecraft:fall_one_cm":4180,"minecraft:inspect_dispenser":32},"minecraft:mined":{"minecraft:grass":5},"minecraft:killed":{"minecraft:skeleton":1,"minecraft:creeper":1,"minecraft:cow":1},"minecraft:used":{"minecraft:redstone_torch":13,"minecraft:oak_log":1,"minecraft:sticky_piston":2,"minecraft:oak_fence":69,"minecraft:water_bucket":33,"minecraft:black_concrete":153,"minecraft:damaged_anvil":1,"minecraft:redstone_ore":1,"minecraft:heavy_weighted_pressure_plate":14,"minecraft:lantern":7,"minecraft:armor_stand":14,"minecraft:grass_block":29,"minecraft:oak_stairs":2,"minecraft:dispenser":8,"minecraft:redstone":49,"minecraft:chest":6,"minecraft:tinted_glass":31,"minecraft:redstone_block":1,"minecraft:iron_door":2,"minecraft:dark_oak_button":11,"minecraft:repeater":2,"minecraft:torch":2,"minecraft:purple_concrete":37,"minecraft:redstone_lamp":13,"minecraft:lime_concrete":37,"minecraft:dirt":56,"minecraft:anvil":1,"minecraft:bow":63,"minecraft:polished_blackstone_button":9,"alexsmobs:animal_dictionary":2,"minecraft:sponge":9,"alexsmobs:spawn_egg_spectre":1,"minecraft:white_concrete":164,"minecraft:observer":8,"minecraft:blue_concrete":26,"minecraft:cobweb":36,"minecraft:brown_bed":1}},"DataVersion":3465}