{"stats":{"minecraft:dropped":{"minecraft:wheat_seeds":2,"minecraft:apple":59,"minecraft:stick":129,"minecraft:grass":1,"minecraft:white_concrete":1},"minecraft:custom":{"minecraft:mob_kills":3,"minecraft:interact_with_anvil":4,"minecraft:interact_with_crafting_table":3,"minecraft:leave_game":3,"minecraft:time_since_death":15627,"minecraft:sleep_in_bed":1,"minecraft:time_since_rest":15653,"minecraft:sprint_one_cm":90105,"minecraft:damage_taken":670,"minecraft:walk_one_cm":189482,"minecraft:drop":66,"minecraft:damage_dealt":105,"minecraft:swim_one_cm":1692,"minecraft:fly_one_cm":240681,"minecraft:open_chest":14,"minecraft:crouch_one_cm":9169,"minecraft:play_time":96089,"minecraft:deaths":2,"minecraft:sneak_time":3789,"minecraft:walk_under_water_one_cm":529,"minecraft:jump":997,"minecraft:walk_on_water_one_cm":14975,"minecraft:total_world_time":96089,"minecraft:fall_one_cm":11404,"minecraft:inspect_dispenser":33},"minecraft:picked_up":{"minecraft:crafting_table":2,"minecraft:dark_oak_button":2,"minecraft:leather":2,"minecraft:oak_log":6,"minecraft:heavy_weighted_pressure_plate":3,"minecraft:dirt":2,"minecraft:armor_stand":126,"minecraft:apple":121,"minecraft:wheat_seeds":15,"minecraft:beef":2,"minecraft:redstone_torch":771,"minecraft:stick":129,"minecraft:dandelion":5,"minecraft:redstone":2,"alexsmobs:animal_dictionary":2,"minecraft:grass":1,"minecraft:cobblestone":26},"minecraft:killed":{"minecraft:creeper":1,"minecraft:skeleton":1,"minecraft:cow":1},"minecraft:crafted":{"minecraft:oak_planks":24,"minecraft:crafting_table":1,"minecraft:wooden_pickaxe":1,"minecraft:stone_axe":1,"minecraft:stick":8,"minecraft:stone_pickaxe":1},"minecraft:mined":{"minecraft:crafting_table":2,"minecraft:grass_block":2,"minecraft:tall_grass":2,"minecraft:grass":14,"minecraft:oak_log":6,"minecraft:stone":26,"minecraft:oak_leaves":5},"minecraft:used":{"minecraft:oak_fence":69,"minecraft:water_bucket":33,"minecraft:damaged_anvil":1,"minecraft:redstone_ore":1,"minecraft:armor_stand":15,"minecraft:stone_pickaxe":23,"minecraft:dispenser":8,"minecraft:redstone":49,"minecraft:chest":6,"minecraft:wooden_pickaxe":3,"minecraft:tinted_glass":31,"minecraft:redstone_block":1,"minecraft:torch":2,"minecraft:dirt":58,"minecraft:anvil":1,"minecraft:crafting_table":2,"minecraft:sponge":9,"minecraft:blue_concrete":26,"minecraft:redstone_torch":13,"minecraft:oak_log":1,"minecraft:sticky_piston":2,"minecraft:black_concrete":153,"minecraft:apple":5,"minecraft:heavy_weighted_pressure_plate":14,"minecraft:lantern":7,"minecraft:grass_block":29,"minecraft:oak_stairs":2,"minecraft:iron_door":2,"minecraft:dark_oak_button":11,"minecraft:stone_axe":1,"minecraft:purple_concrete":37,"minecraft:repeater":2,"minecraft:redstone_lamp":13,"minecraft:lime_concrete":37,"minecraft:bow":67,"alexsmobs:spawn_egg_spectre":1,"alexsmobs:animal_dictionary":2,"minecraft:polished_blackstone_button":9,"minecraft:white_concrete":164,"minecraft:observer":8,"minecraft:cobweb":36,"minecraft:brown_bed":1}},"DataVersion":3465}