{"stats":{"minecraft:used":{"minecraft:stone_pickaxe":1,"minecraft:wooden_pickaxe":22,"minecraft:white_wool":3,"minecraft:torch":29,"paraglider:goddess_statue":1,"minecraft:mutton":3,"minecraft:crafting_table":3,"minecraft:apple":1,"minecraft:bread":14,"minecraft:iron_pickaxe":126,"minecraft:bow":10,"alexsmobs:animal_dictionary":1,"minecraft:potato":9,"minecraft:cobbled_deepslate":7},"minecraft:mined":{"minecraft:deepslate_redstone_ore":5,"minecraft:mossy_cobblestone":4,"minecraft:deepslate_diamond_ore":2,"minecraft:crafting_table":1,"minecraft:torch":4,"minecraft:budding_amethyst":1,"minecraft:grass_block":3,"minecraft:calcite":4,"minecraft:tall_grass":2,"minecraft:copper_ore":1,"minecraft:cobblestone":1,"minecraft:diorite":5,"minecraft:wall_torch":2,"minecraft:amethyst_block":13,"minecraft:spawner":1,"minecraft:hay_block":21,"minecraft:iron_ore":1,"minecraft:andesite":13,"minecraft:grass":13,"minecraft:oak_log":12,"minecraft:coal_ore":6,"minecraft:dirt":2,"minecraft:smooth_basalt":2,"minecraft:stone":50,"minecraft:oak_leaves":1,"minecraft:deepslate":17,"paraglider:goddess_statue":2},"minecraft:killed":{"minecraft:pig":1,"minecraft:sheep":3},"minecraft:crafted":{"minecraft:oak_planks":48,"minecraft:crafting_table":2,"minecraft:wooden_pickaxe":2,"minecraft:bread":42,"minecraft:stick":20,"minecraft:stone_pickaxe":1,"minecraft:iron_pickaxe":1,"minecraft:torch":24,"minecraft:wheat":189},"minecraft:custom":{"minecraft:mob_kills":4,"minecraft:interact_with_crafting_table":7,"minecraft:damage_dealt_resisted":99,"minecraft:leave_game":3,"minecraft:time_since_death":32653,"minecraft:time_since_rest":32688,"minecraft:sprint_one_cm":209786,"minecraft:damage_taken":2310,"minecraft:walk_one_cm":128316,"minecraft:drop":57,"minecraft:damage_dealt":1252,"minecraft:swim_one_cm":2192,"minecraft:fly_one_cm":266586,"minecraft:open_chest":7,"minecraft:crouch_one_cm":471,"minecraft:play_time":51242,"minecraft:deaths":5,"minecraft:sneak_time":214,"minecraft:walk_under_water_one_cm":6446,"minecraft:jump":1244,"minecraft:walk_on_water_one_cm":2924,"minecraft:total_world_time":51242,"minecraft:fall_one_cm":38459},"minecraft:dropped":{"alexsmobs:animal_dictionary":1,"minecraft:diamond":1,"minecraft:arrow":54,"minecraft:bow":1},"minecraft:picked_up":{"minecraft:crafting_table":1,"minecraft:andesite":13,"paraglider:spirit_orb":2,"minecraft:oak_log":12,"minecraft:amethyst_block":5,"paraglider:goddess_statue":2,"minecraft:dirt":5,"minecraft:raw_copper":4,"minecraft:wheat_seeds":1,"minecraft:cobbled_deepslate":17,"minecraft:iron_ingot":5,"minecraft:calcite":4,"minecraft:smooth_basalt":2,"minecraft:torch":6,"minecraft:porkchop":1,"minecraft:diorite":5,"minecraft:redstone":21,"alexsmobs:animal_dictionary":2,"minecraft:mossy_cobblestone":4,"minecraft:rotten_flesh":2,"minecraft:diamond":2,"minecraft:hay_block":21,"minecraft:cobblestone":51,"minecraft:mutton":4,"minecraft:coal":6,"minecraft:white_wool":3}},"DataVersion":3465}