{"stats":{"minecraft:picked_up":{"minecraft:porkchop":1,"alexsmobs:animal_dictionary":2},"minecraft:dropped":{"alexsmobs:animal_dictionary":1},"minecraft:custom":{"minecraft:time_since_rest":806,"minecraft:crouch_one_cm":4,"minecraft:damage_taken":520,"minecraft:sprint_one_cm":18886,"minecraft:play_time":6092,"minecraft:deaths":2,"minecraft:walk_one_cm":17364,"minecraft:sneak_time":6,"minecraft:walk_under_water_one_cm":462,"minecraft:mob_kills":1,"minecraft:drop":1,"minecraft:jump":134,"minecraft:damage_dealt":232,"minecraft:leave_game":2,"minecraft:walk_on_water_one_cm":254,"minecraft:time_since_death":780,"minecraft:total_world_time":6092,"minecraft:fall_one_cm":2835,"minecraft:fly_one_cm":32174},"minecraft:killed":{"minecraft:pig":1},"minecraft:mined":{"minecraft:grass":3,"minecraft:oak_log":2},"minecraft:used":{"alexsmobs:animal_dictionary":1}},"DataVersion":3465}