{"stats":{"minecraft:used":{"minecraft:bread":5,"minecraft:stone_pickaxe":1,"minecraft:iron_pickaxe":73,"minecraft:wooden_pickaxe":22,"minecraft:torch":8,"minecraft:white_wool":3,"minecraft:bow":10,"minecraft:crafting_table":2,"alexsmobs:animal_dictionary":1},"minecraft:mined":{"minecraft:hay_block":21,"minecraft:iron_ore":1,"minecraft:andesite":13,"minecraft:crafting_table":1,"minecraft:grass":13,"minecraft:coal_ore":6,"minecraft:grass_block":3,"minecraft:oak_log":12,"minecraft:dirt":2,"minecraft:copper_ore":1,"minecraft:tall_grass":2,"minecraft:stone":50,"minecraft:diorite":5,"minecraft:oak_leaves":1,"paraglider:goddess_statue":1},"minecraft:crafted":{"minecraft:oak_planks":48,"minecraft:crafting_table":2,"minecraft:stick":20,"minecraft:iron_pickaxe":1,"minecraft:wooden_pickaxe":2,"minecraft:stone_pickaxe":1,"minecraft:torch":24,"minecraft:wheat":189},"minecraft:killed":{"minecraft:sheep":3,"minecraft:pig":1},"minecraft:custom":{"minecraft:time_since_rest":15984,"minecraft:sprint_one_cm":129670,"minecraft:damage_taken":1650,"minecraft:walk_one_cm":88977,"minecraft:mob_kills":4,"minecraft:drop":56,"minecraft:damage_dealt":1176,"minecraft:interact_with_crafting_table":5,"minecraft:swim_one_cm":2192,"minecraft:fly_one_cm":203992,"minecraft:open_chest":5,"minecraft:crouch_one_cm":23,"minecraft:play_time":34538,"minecraft:deaths":5,"minecraft:sneak_time":38,"minecraft:walk_under_water_one_cm":6446,"minecraft:jump":890,"minecraft:damage_dealt_resisted":99,"minecraft:leave_game":2,"minecraft:time_since_death":15949,"minecraft:walk_on_water_one_cm":1973,"minecraft:total_world_time":34538,"minecraft:fall_one_cm":28447},"minecraft:dropped":{"alexsmobs:animal_dictionary":1,"minecraft:arrow":54,"minecraft:bow":1},"minecraft:picked_up":{"minecraft:crafting_table":1,"minecraft:andesite":13,"minecraft:porkchop":1,"minecraft:oak_log":12,"minecraft:diorite":5,"paraglider:goddess_statue":1,"minecraft:dirt":5,"alexsmobs:animal_dictionary":2,"minecraft:raw_copper":4,"minecraft:wheat_seeds":1,"minecraft:hay_block":21,"minecraft:iron_ingot":5,"minecraft:mutton":4,"minecraft:coal":6,"minecraft:white_wool":3,"minecraft:cobblestone":50}},"DataVersion":3465}