{"stats":{"minecraft:picked_up":{"minecraft:crafting_table":1,"minecraft:wheat":126,"minecraft:andesite":39,"minecraft:wooden_pickaxe":1,"minecraft:potato":20,"alexsmobs:bison_fur":2,"paraglider:spirit_orb":6,"minecraft:oak_log":19,"minecraft:amethyst_block":15,"minecraft:dirt":146,"paraglider:goddess_statue":3,"minecraft:string":5,"minecraft:raw_copper":12,"minecraft:wheat_seeds":4,"minecraft:cobbled_deepslate":30,"minecraft:iron_ingot":17,"minecraft:beef":24,"minecraft:calcite":12,"minecraft:poppy":2,"minecraft:chest":4,"minecraft:oak_planks":2,"minecraft:iron_sword":4,"minecraft:stick":16,"minecraft:smooth_basalt":6,"minecraft:torch":8,"sophisticatedbackpacks:backpack":3,"minecraft:porkchop":1,"minecraft:diorite":15,"minecraft:white_bed":1,"minecraft:redstone":63,"minecraft:mossy_cobblestone":12,"alexsmobs:animal_dictionary":2,"minecraft:rotten_flesh":12,"minecraft:diamond":2,"minecraft:hay_block":21,"minecraft:bread":50,"alexsmobs:maggot":1,"minecraft:oak_sapling":3,"minecraft:white_wool":3,"minecraft:mutton":4,"minecraft:coal":6,"minecraft:cobblestone":144},"minecraft:killed":{"minecraft:pig":1,"minecraft:spider":2,"minecraft:iron_golem":1,"minecraft:sheep":3,"minecraft:zombie":4,"alexsmobs:bison":1},"minecraft:custom":{"minecraft:mob_kills":15,"minecraft:interact_with_crafting_table":17,"minecraft:damage_dealt_resisted":99,"minecraft:leave_game":4,"minecraft:time_since_death":16714,"minecraft:sleep_in_bed":1,"minecraft:time_since_rest":561,"minecraft:sprint_one_cm":339833,"minecraft:damage_taken":4607,"minecraft:walk_one_cm":244608,"minecraft:drop":89,"minecraft:damage_dealt":3447,"minecraft:swim_one_cm":2192,"minecraft:fly_one_cm":511736,"minecraft:talked_to_villager":5,"minecraft:open_chest":21,"minecraft:crouch_one_cm":853,"minecraft:play_time":125686,"minecraft:deaths":11,"minecraft:sneak_time":384,"minecraft:walk_under_water_one_cm":6820,"minecraft:jump":2113,"minecraft:interact_with_blast_furnace":1,"minecraft:walk_on_water_one_cm":5886,"minecraft:total_world_time":125686,"minecraft:fall_one_cm":66545},"minecraft:used":{"minecraft:stone_pickaxe":1,"minecraft:poppy":2,"minecraft:chest":3,"minecraft:wooden_pickaxe":35,"minecraft:iron_sword":30,"minecraft:white_wool":3,"minecraft:torch":29,"paraglider:goddess_statue":2,"minecraft:dirt":1,"minecraft:mutton":4,"minecraft:crafting_table":4,"minecraft:white_bed":1,"minecraft:apple":1,"minecraft:bread":29,"minecraft:iron_pickaxe":127,"minecraft:bow":10,"minecraft:cobblestone":5,"minecraft:smithing_table":1,"alexsmobs:animal_dictionary":1,"minecraft:cobbled_deepslate":12,"minecraft:potato":9},"minecraft:broken":{"minecraft:wooden_pickaxe":1},"minecraft:mined":{"minecraft:deepslate_redstone_ore":5,"minecraft:white_bed":1,"minecraft:mossy_cobblestone":4,"minecraft:deepslate_diamond_ore":2,"minecraft:crafting_table":1,"minecraft:torch":4,"minecraft:budding_amethyst":1,"minecraft:grass_block":9,"minecraft:calcite":4,"minecraft:chest":2,"minecraft:tall_grass":6,"minecraft:copper_ore":1,"minecraft:cobblestone":1,"minecraft:diorite":5,"minecraft:wall_torch":2,"minecraft:amethyst_block":13,"minecraft:spawner":1,"minecraft:hay_block":21,"minecraft:iron_ore":1,"minecraft:andesite":13,"minecraft:grass":17,"minecraft:oak_log":19,"minecraft:coal_ore":6,"minecraft:dirt":2,"minecraft:smooth_basalt":2,"minecraft:stone":50,"minecraft:oak_leaves":8,"minecraft:deepslate":18,"minecraft:fern":1,"paraglider:goddess_statue":2},"minecraft:crafted":{"minecraft:oak_planks":76,"minecraft:crafting_table":3,"minecraft:wooden_pickaxe":2,"minecraft:iron_sword":1,"minecraft:smithing_table":1,"minecraft:bread":42,"minecraft:stick":20,"minecraft:iron_pickaxe":1,"minecraft:stone_pickaxe":1,"minecraft:torch":24,"minecraft:wheat":189},"minecraft:dropped":{"minecraft:iron_ingot":6,"minecraft:bread":8,"alexsmobs:maggot":1,"alexsmobs:animal_dictionary":1,"minecraft:diamond":2,"sophisticatedbackpacks:backpack":2,"paraglider:spirit_orb":2,"alexsmobs:bison_fur":2,"minecraft:potato":10,"minecraft:arrow":54,"minecraft:bow":1,"minecraft:iron_pickaxe":1}},"DataVersion":3465}