{"stats":{"minecraft:used":{"minecraft:stone_pickaxe":1,"minecraft:wooden_pickaxe":5,"minecraft:bow":10,"minecraft:crafting_table":1,"alexsmobs:animal_dictionary":1},"minecraft:mined":{"minecraft:hay_block":10,"minecraft:iron_ore":1,"minecraft:grass":12,"minecraft:oak_log":8,"minecraft:tall_grass":2,"minecraft:stone":5,"minecraft:oak_leaves":1},"minecraft:crafted":{"minecraft:oak_planks":32,"minecraft:crafting_table":1,"minecraft:stick":4,"minecraft:wooden_pickaxe":1,"minecraft:stone_pickaxe":1,"minecraft:wheat":90},"minecraft:killed":{"minecraft:sheep":3,"minecraft:pig":1},"minecraft:custom":{"minecraft:time_since_rest":3984,"minecraft:sprint_one_cm":76502,"minecraft:damage_taken":1390,"minecraft:walk_one_cm":69927,"minecraft:mob_kills":4,"minecraft:drop":56,"minecraft:damage_dealt":827,"minecraft:interact_with_crafting_table":2,"minecraft:swim_one_cm":889,"minecraft:fly_one_cm":135312,"minecraft:open_chest":4,"minecraft:crouch_one_cm":4,"minecraft:play_time":22538,"minecraft:deaths":5,"minecraft:sneak_time":19,"minecraft:walk_under_water_one_cm":6238,"minecraft:jump":577,"minecraft:damage_dealt_resisted":99,"minecraft:leave_game":2,"minecraft:time_since_death":3949,"minecraft:walk_on_water_one_cm":1827,"minecraft:total_world_time":22538,"minecraft:fall_one_cm":16415},"minecraft:dropped":{"alexsmobs:animal_dictionary":1,"minecraft:arrow":54,"minecraft:bow":1},"minecraft:picked_up":{"minecraft:porkchop":1,"minecraft:oak_log":8,"alexsmobs:animal_dictionary":2,"minecraft:hay_block":10,"minecraft:mutton":4,"minecraft:white_wool":3,"minecraft:cobblestone":5}},"DataVersion":3465}