{"stats":{"minecraft:used":{"minecraft:stone_pickaxe":1,"minecraft:wooden_pickaxe":35,"minecraft:white_wool":3,"minecraft:torch":29,"paraglider:goddess_statue":2,"minecraft:mutton":4,"minecraft:crafting_table":3,"minecraft:apple":1,"minecraft:bread":21,"minecraft:iron_pickaxe":127,"minecraft:bow":10,"alexsmobs:animal_dictionary":1,"minecraft:potato":9,"minecraft:cobbled_deepslate":12},"minecraft:mined":{"minecraft:deepslate_redstone_ore":5,"minecraft:mossy_cobblestone":4,"minecraft:deepslate_diamond_ore":2,"minecraft:crafting_table":1,"minecraft:torch":4,"minecraft:budding_amethyst":1,"minecraft:grass_block":3,"minecraft:calcite":4,"minecraft:tall_grass":2,"minecraft:copper_ore":1,"minecraft:cobblestone":1,"minecraft:diorite":5,"minecraft:wall_torch":2,"minecraft:amethyst_block":13,"minecraft:spawner":1,"minecraft:hay_block":21,"minecraft:iron_ore":1,"minecraft:andesite":13,"minecraft:grass":14,"minecraft:coal_ore":6,"minecraft:oak_log":12,"minecraft:dirt":2,"minecraft:smooth_basalt":2,"minecraft:stone":50,"minecraft:fern":1,"minecraft:oak_leaves":1,"minecraft:deepslate":18,"paraglider:goddess_statue":2},"minecraft:killed":{"minecraft:pig":1,"minecraft:sheep":3,"minecraft:zombie":2},"minecraft:crafted":{"minecraft:oak_planks":48,"minecraft:crafting_table":2,"minecraft:wooden_pickaxe":2,"minecraft:bread":42,"minecraft:stick":20,"minecraft:stone_pickaxe":1,"minecraft:iron_pickaxe":1,"minecraft:torch":24,"minecraft:wheat":189},"minecraft:custom":{"minecraft:mob_kills":7,"minecraft:interact_with_crafting_table":7,"minecraft:damage_dealt_resisted":99,"minecraft:leave_game":3,"minecraft:time_since_death":13639,"minecraft:time_since_rest":13667,"minecraft:sprint_one_cm":244973,"minecraft:damage_taken":2995,"minecraft:walk_one_cm":157762,"minecraft:drop":64,"minecraft:damage_dealt":1675,"minecraft:swim_one_cm":2192,"minecraft:fly_one_cm":314158,"minecraft:open_chest":7,"minecraft:crouch_one_cm":697,"minecraft:play_time":75142,"minecraft:deaths":6,"minecraft:sneak_time":288,"minecraft:walk_under_water_one_cm":6820,"minecraft:jump":1459,"minecraft:walk_on_water_one_cm":5886,"minecraft:total_world_time":75142,"minecraft:fall_one_cm":45354},"minecraft:picked_up":{"minecraft:crafting_table":1,"minecraft:wheat":63,"minecraft:andesite":26,"minecraft:wooden_pickaxe":1,"minecraft:potato":10,"paraglider:spirit_orb":4,"minecraft:oak_log":12,"minecraft:amethyst_block":10,"paraglider:goddess_statue":3,"minecraft:dirt":10,"minecraft:raw_copper":8,"minecraft:wheat_seeds":2,"minecraft:cobbled_deepslate":24,"minecraft:iron_ingot":5,"minecraft:calcite":8,"minecraft:oak_planks":1,"minecraft:stick":8,"minecraft:smooth_basalt":4,"minecraft:torch":7,"minecraft:porkchop":1,"minecraft:diorite":10,"minecraft:redstone":42,"alexsmobs:animal_dictionary":2,"minecraft:mossy_cobblestone":8,"minecraft:rotten_flesh":7,"minecraft:diamond":2,"minecraft:hay_block":21,"minecraft:bread":25,"minecraft:oak_sapling":1,"minecraft:cobblestone":97,"minecraft:mutton":4,"minecraft:coal":6,"minecraft:white_wool":3},"minecraft:dropped":{"minecraft:iron_ingot":2,"minecraft:bread":4,"alexsmobs:animal_dictionary":1,"minecraft:diamond":2,"minecraft:arrow":54,"minecraft:bow":1,"minecraft:iron_pickaxe":1},"minecraft:broken":{"minecraft:wooden_pickaxe":1}},"DataVersion":3465}