{"stats":{"minecraft:used":{"minecraft:crafting_table":1,"alexsmobs:animal_dictionary":1,"minecraft:wooden_pickaxe":5},"minecraft:mined":{"minecraft:grass":3,"minecraft:oak_log":8,"minecraft:stone":5,"minecraft:oak_leaves":1},"minecraft:killed":{"minecraft:pig":1},"minecraft:crafted":{"minecraft:oak_planks":32,"minecraft:crafting_table":1,"minecraft:stick":4,"minecraft:stone_pickaxe":1,"minecraft:wooden_pickaxe":1},"minecraft:custom":{"minecraft:time_since_rest":5252,"minecraft:crouch_one_cm":4,"minecraft:damage_taken":660,"minecraft:sprint_one_cm":28223,"minecraft:play_time":10538,"minecraft:deaths":2,"minecraft:walk_one_cm":28908,"minecraft:sneak_time":10,"minecraft:walk_under_water_one_cm":904,"minecraft:mob_kills":1,"minecraft:drop":1,"minecraft:jump":208,"minecraft:damage_dealt":232,"minecraft:leave_game":2,"minecraft:walk_on_water_one_cm":475,"minecraft:time_since_death":5226,"minecraft:total_world_time":10538,"minecraft:swim_one_cm":889,"minecraft:interact_with_crafting_table":2,"minecraft:fall_one_cm":8621,"minecraft:fly_one_cm":45045},"minecraft:picked_up":{"minecraft:porkchop":1,"minecraft:oak_log":8,"alexsmobs:animal_dictionary":2,"minecraft:cobblestone":5},"minecraft:dropped":{"alexsmobs:animal_dictionary":1}},"DataVersion":3465}