{"stats":{"minecraft:used":{"minecraft:stone_pickaxe":1,"minecraft:wooden_pickaxe":35,"minecraft:white_wool":3,"minecraft:torch":29,"paraglider:goddess_statue":2,"minecraft:mutton":4,"minecraft:crafting_table":3,"minecraft:white_bed":1,"minecraft:apple":1,"minecraft:bread":21,"minecraft:iron_pickaxe":127,"minecraft:cobblestone":3,"minecraft:bow":10,"alexsmobs:animal_dictionary":1,"minecraft:potato":9,"minecraft:cobbled_deepslate":12},"minecraft:mined":{"minecraft:deepslate_redstone_ore":5,"minecraft:white_bed":1,"minecraft:mossy_cobblestone":4,"minecraft:deepslate_diamond_ore":2,"minecraft:crafting_table":1,"minecraft:torch":4,"minecraft:budding_amethyst":1,"minecraft:grass_block":3,"minecraft:calcite":4,"minecraft:tall_grass":2,"minecraft:copper_ore":1,"minecraft:cobblestone":1,"minecraft:diorite":5,"minecraft:wall_torch":2,"minecraft:amethyst_block":13,"minecraft:spawner":1,"minecraft:hay_block":21,"minecraft:iron_ore":1,"minecraft:andesite":13,"minecraft:grass":14,"minecraft:coal_ore":6,"minecraft:oak_log":12,"minecraft:dirt":2,"minecraft:smooth_basalt":2,"minecraft:stone":50,"minecraft:fern":1,"minecraft:oak_leaves":1,"minecraft:deepslate":18,"paraglider:goddess_statue":2},"minecraft:killed":{"minecraft:pig":1,"minecraft:sheep":3,"minecraft:zombie":2},"minecraft:crafted":{"minecraft:oak_planks":48,"minecraft:crafting_table":2,"minecraft:wooden_pickaxe":2,"minecraft:bread":42,"minecraft:stick":20,"minecraft:stone_pickaxe":1,"minecraft:iron_pickaxe":1,"minecraft:torch":24,"minecraft:wheat":189},"minecraft:custom":{"minecraft:mob_kills":8,"minecraft:interact_with_crafting_table":7,"minecraft:damage_dealt_resisted":99,"minecraft:leave_game":3,"minecraft:time_since_death":7803,"minecraft:time_since_rest":7827,"minecraft:sprint_one_cm":260500,"minecraft:damage_taken":3090,"minecraft:walk_one_cm":173418,"minecraft:drop":74,"minecraft:damage_dealt":1691,"minecraft:talked_to_villager":3,"minecraft:swim_one_cm":2192,"minecraft:fly_one_cm":342772,"minecraft:open_chest":9,"minecraft:crouch_one_cm":705,"minecraft:play_time":99142,"minecraft:deaths":7,"minecraft:sneak_time":314,"minecraft:walk_under_water_one_cm":6820,"minecraft:jump":1557,"minecraft:interact_with_blast_furnace":1,"minecraft:walk_on_water_one_cm":5886,"minecraft:total_world_time":99142,"minecraft:fall_one_cm":48117},"minecraft:picked_up":{"minecraft:crafting_table":1,"minecraft:wheat":126,"minecraft:andesite":39,"minecraft:wooden_pickaxe":1,"minecraft:potato":20,"paraglider:spirit_orb":6,"minecraft:oak_log":12,"minecraft:amethyst_block":15,"paraglider:goddess_statue":3,"minecraft:dirt":15,"minecraft:raw_copper":12,"minecraft:wheat_seeds":3,"minecraft:cobbled_deepslate":30,"minecraft:iron_ingot":12,"minecraft:calcite":12,"minecraft:oak_planks":2,"minecraft:stick":15,"minecraft:smooth_basalt":6,"minecraft:torch":8,"minecraft:porkchop":1,"minecraft:diorite":15,"minecraft:white_bed":1,"minecraft:redstone":63,"alexsmobs:animal_dictionary":2,"minecraft:mossy_cobblestone":12,"minecraft:rotten_flesh":12,"minecraft:diamond":2,"minecraft:hay_block":21,"minecraft:bread":50,"minecraft:oak_sapling":2,"minecraft:cobblestone":144,"minecraft:mutton":4,"minecraft:coal":6,"minecraft:white_wool":3},"minecraft:dropped":{"minecraft:iron_ingot":2,"minecraft:bread":4,"alexsmobs:animal_dictionary":1,"minecraft:diamond":2,"minecraft:potato":10,"minecraft:arrow":54,"minecraft:bow":1,"minecraft:iron_pickaxe":1},"minecraft:broken":{"minecraft:wooden_pickaxe":1}},"DataVersion":3465}