{"stats":{"minecraft:crafted":{"minecraft:oak_planks":20},"minecraft:picked_up":{"minecraft:feather":1,"minecraft:oak_log":5,"minecraft:sugar_cane":6,"minecraft:dirt":2},"minecraft:used":{"minecraft:dirt":1,"minecraft:bow":14},"minecraft:mined":{"minecraft:grass_block":1,"minecraft:oak_log":5,"minecraft:dirt":1,"minecraft:sugar_cane":2},"minecraft:custom":{"minecraft:time_since_rest":9917,"minecraft:open_chest":2,"minecraft:crouch_one_cm":486,"minecraft:play_time":9917,"minecraft:sprint_one_cm":19997,"minecraft:damage_taken":150,"minecraft:walk_one_cm":24105,"minecraft:sneak_time":100,"minecraft:walk_under_water_one_cm":1843,"minecraft:mob_kills":1,"minecraft:jump":105,"minecraft:damage_dealt":87,"minecraft:leave_game":1,"minecraft:time_since_death":9917,"minecraft:walk_on_water_one_cm":9157,"minecraft:total_world_time":9917,"minecraft:swim_one_cm":38108,"minecraft:fall_one_cm":1732,"minecraft:fly_one_cm":18690},"minecraft:killed":{"alexsmobs:crow":1}},"DataVersion":3465}