{"stats":{"minecraft:killed":{"minecraft:sheep":3},"minecraft:dropped":{"minecraft:wheat_seeds":1},"minecraft:mined":{"minecraft:dandelion":3,"minecraft:yellow_bed":1,"minecraft:crafting_table":1,"minecraft:grass":10,"minecraft:grass_block":1,"minecraft:oak_log":12,"minecraft:rose_bush":2,"minecraft:dirt":2,"minecraft:stone":26,"minecraft:sugar_cane":4},"minecraft:custom":{"minecraft:time_since_rest":2219,"minecraft:sprint_one_cm":39484,"minecraft:damage_taken":255,"minecraft:walk_one_cm":34598,"minecraft:mob_kills":3,"minecraft:drop":1,"minecraft:damage_dealt":255,"minecraft:interact_with_crafting_table":3,"minecraft:swim_one_cm":5095,"minecraft:fly_one_cm":38124,"minecraft:open_chest":4,"minecraft:play_time":13285,"minecraft:deaths":1,"minecraft:walk_under_water_one_cm":415,"minecraft:jump":194,"minecraft:walk_on_water_one_cm":2551,"minecraft:time_since_death":2161,"minecraft:sleep_in_bed":1,"minecraft:total_world_time":13285,"minecraft:fall_one_cm":3528},"minecraft:used":{"minecraft:rose_bush":1,"minecraft:oak_planks":10,"minecraft:wooden_pickaxe":26,"minecraft:dirt":3,"minecraft:bow":5,"minecraft:crafting_table":2,"minecraft:oak_sapling":1,"minecraft:yellow_bed":1,"alexsmobs:animal_dictionary":2},"minecraft:picked_up":{"minecraft:stick":14,"minecraft:crafting_table":1,"minecraft:wooden_pickaxe":1,"minecraft:dandelion":3,"minecraft:oak_log":12,"minecraft:yellow_bed":2,"alexsmobs:animal_dictionary":1,"minecraft:dirt":3,"minecraft:wheat_seeds":1,"minecraft:rose_bush":2,"minecraft:gray_wool":1,"minecraft:light_gray_wool":1,"minecraft:oak_sapling":1,"minecraft:sugar_cane":24,"minecraft:black_wool":1,"minecraft:mutton":10,"minecraft:oak_planks":27,"minecraft:cobblestone":52},"minecraft:crafted":{"minecraft:red_dye":2,"minecraft:oak_planks":48,"minecraft:yellow_wool":3,"minecraft:yellow_dye":3,"minecraft:crafting_table":1,"minecraft:stick":16,"minecraft:wooden_pickaxe":1,"minecraft:red_bed":1,"minecraft:yellow_bed":1}},"DataVersion":3465}