{"stats":{"minecraft:broken":{"minecraft:stone_axe":2},"minecraft:killed":{"minecraft:horse":2,"minecraft:sheep":13,"minecraft:pig":3,"minecraft:spider":1,"minecraft:cow":4},"minecraft:dropped":{"minecraft:wheat_seeds":2},"minecraft:mined":{"minecraft:red_bed":3,"minecraft:dandelion":3,"minecraft:yellow_bed":1,"minecraft:crafting_table":3,"minecraft:grass":22,"minecraft:grass_block":4,"minecraft:oak_log":213,"minecraft:rose_bush":2,"minecraft:dirt":14,"minecraft:tall_grass":5,"minecraft:stone":26,"minecraft:sugar_cane":4,"minecraft:oak_leaves":29},"minecraft:custom":{"minecraft:time_since_rest":4961,"minecraft:interact_with_furnace":10,"minecraft:sprint_one_cm":101852,"minecraft:damage_taken":295,"minecraft:walk_one_cm":80232,"minecraft:mob_kills":23,"minecraft:drop":2,"minecraft:damage_dealt":2413,"minecraft:interact_with_crafting_table":9,"minecraft:swim_one_cm":5095,"minecraft:fly_one_cm":82002,"minecraft:open_chest":4,"minecraft:play_time":37285,"minecraft:deaths":1,"minecraft:walk_under_water_one_cm":415,"minecraft:jump":440,"minecraft:walk_on_water_one_cm":2551,"minecraft:time_since_death":26161,"minecraft:sleep_in_bed":4,"minecraft:total_world_time":37285,"minecraft:fall_one_cm":8753},"minecraft:picked_up":{"minecraft:stick":32,"minecraft:crafting_table":3,"minecraft:leather":5,"minecraft:wooden_pickaxe":1,"minecraft:dandelion":3,"minecraft:porkchop":6,"minecraft:oak_log":213,"minecraft:spider_eye":1,"minecraft:yellow_bed":2,"minecraft:string":2,"alexsmobs:animal_dictionary":1,"minecraft:dirt":18,"minecraft:red_bed":3,"minecraft:apple":2,"minecraft:wheat_seeds":4,"minecraft:beef":7,"minecraft:rose_bush":2,"minecraft:gray_wool":2,"minecraft:light_gray_wool":1,"minecraft:oak_sapling":38,"minecraft:sugar_cane":24,"minecraft:black_wool":1,"minecraft:mutton":26,"minecraft:oak_planks":27,"minecraft:white_wool":9,"minecraft:cobblestone":52},"minecraft:crafted":{"minecraft:red_dye":2,"minecraft:oak_planks":48,"minecraft:yellow_wool":3,"minecraft:charcoal":12,"minecraft:yellow_dye":3,"minecraft:crafting_table":2,"minecraft:stick":16,"minecraft:stone_pickaxe":1,"minecraft:wooden_pickaxe":1,"minecraft:red_bed":1,"minecraft:furnace":1,"minecraft:yellow_bed":1,"minecraft:stone_axe":3,"minecraft:cooked_mutton":21,"minecraft:white_carpet":12},"minecraft:used":{"minecraft:cooked_mutton":3,"minecraft:rose_bush":1,"minecraft:oak_planks":10,"minecraft:wooden_pickaxe":26,"minecraft:stone_axe":277,"minecraft:dirt":7,"minecraft:bow":5,"minecraft:furnace":1,"minecraft:crafting_table":5,"minecraft:red_bed":3,"minecraft:oak_sapling":1,"minecraft:yellow_bed":1,"alexsmobs:animal_dictionary":3}},"DataVersion":3465}