{"stats":{"minecraft:broken":{"minecraft:stone_axe":2},"minecraft:killed":{"minecraft:pig":3,"minecraft:spider":1,"minecraft:sheep":13,"minecraft:horse":2,"minecraft:cow":4},"minecraft:dropped":{"minecraft:wheat_seeds":2},"minecraft:mined":{"minecraft:red_bed":3,"minecraft:dandelion":3,"minecraft:crafting_table":4,"minecraft:grass_block":40,"minecraft:rose_bush":3,"minecraft:copper_ore":2,"minecraft:tall_grass":5,"minecraft:sugar_cane":4,"minecraft:wall_torch":1,"minecraft:furnace":1,"minecraft:iron_ore":2,"minecraft:andesite":5,"minecraft:birch_leaves":1,"minecraft:yellow_bed":1,"minecraft:grass":25,"minecraft:oak_log":289,"minecraft:dirt":20,"minecraft:stone":70,"minecraft:oak_leaves":41},"minecraft:custom":{"minecraft:interact_with_furnace":13,"minecraft:mob_kills":23,"minecraft:interact_with_crafting_table":11,"minecraft:time_since_death":38161,"minecraft:sleep_in_bed":4,"minecraft:time_since_rest":16961,"minecraft:sprint_one_cm":132126,"minecraft:damage_taken":295,"minecraft:walk_one_cm":105994,"minecraft:drop":2,"minecraft:damage_dealt":2413,"minecraft:swim_one_cm":5095,"minecraft:fly_one_cm":91005,"minecraft:open_chest":4,"minecraft:play_time":49285,"minecraft:deaths":1,"minecraft:walk_under_water_one_cm":934,"minecraft:jump":511,"minecraft:walk_on_water_one_cm":4263,"minecraft:total_world_time":49285,"minecraft:fall_one_cm":10065},"minecraft:crafted":{"minecraft:red_dye":2,"minecraft:yellow_wool":3,"minecraft:oak_planks":84,"minecraft:stone_shovel":1,"minecraft:crafting_table":2,"minecraft:wooden_pickaxe":1,"minecraft:red_bed":1,"minecraft:furnace":1,"minecraft:yellow_bed":1,"minecraft:stone_axe":3,"minecraft:white_carpet":12,"minecraft:cooked_mutton":21,"minecraft:charcoal":12,"minecraft:yellow_dye":3,"minecraft:stick":16,"minecraft:stone_pickaxe":1,"minecraft:chest":1,"minecraft:torch":44},"minecraft:used":{"minecraft:cooked_mutton":3,"minecraft:rose_bush":1,"minecraft:stone_pickaxe":55,"minecraft:stone_shovel":43,"minecraft:oak_planks":10,"minecraft:wooden_pickaxe":26,"minecraft:torch":2,"minecraft:dirt":7,"minecraft:crafting_table":5,"minecraft:red_bed":3,"minecraft:oak_log":2,"minecraft:stone_axe":369,"minecraft:cobblestone":10,"minecraft:bow":5,"minecraft:oak_sapling":1,"minecraft:furnace":1,"minecraft:yellow_bed":1,"alexsmobs:animal_dictionary":3},"minecraft:picked_up":{"minecraft:crafting_table":4,"minecraft:cooked_beef":7,"minecraft:andesite":5,"minecraft:leather":5,"minecraft:wooden_pickaxe":1,"minecraft:oak_log":289,"minecraft:yellow_bed":2,"minecraft:dirt":60,"minecraft:string":2,"minecraft:red_bed":3,"minecraft:raw_copper":6,"minecraft:apple":6,"minecraft:wheat_seeds":5,"minecraft:beef":7,"minecraft:rose_bush":2,"minecraft:light_gray_wool":1,"minecraft:sugar_cane":24,"minecraft:oak_planks":58,"minecraft:furnace":1,"minecraft:stick":47,"minecraft:raw_iron":2,"minecraft:torch":1,"minecraft:dandelion":3,"minecraft:porkchop":6,"minecraft:spider_eye":1,"alexsmobs:animal_dictionary":1,"minecraft:gray_wool":2,"minecraft:oak_sapling":60,"minecraft:black_wool":1,"minecraft:mutton":26,"minecraft:white_wool":9,"minecraft:cobblestone":95}},"DataVersion":3465}