{"stats":{"minecraft:dropped":{"alexsmobs:animal_dictionary":2,"minecraft:oak_boat":1,"minecraft:apple":64,"minecraft:armor_stand":1,"minecraft:stick":65},"minecraft:picked_up":{"minecraft:stick":129,"minecraft:dark_oak_button":1,"minecraft:redstone":1,"alexsmobs:animal_dictionary":4,"minecraft:bone":2,"minecraft:armor_stand":145,"minecraft:arrow":1,"minecraft:apple":59,"minecraft:wheat_seeds":6,"minecraft:oak_boat":1,"minecraft:redstone_torch":4,"minecraft:white_concrete":1,"minecraft:emerald":17,"minecraft:bread":2,"paraglider:horned_statue":1},"minecraft:custom":{"minecraft:time_since_rest":171318,"minecraft:sprint_one_cm":308435,"minecraft:damage_taken":70,"minecraft:walk_one_cm":89788,"minecraft:interact_with_anvil":1,"minecraft:mob_kills":1,"minecraft:drop":7,"minecraft:damage_dealt":290,"minecraft:fly_one_cm":2698149,"minecraft:open_chest":7,"minecraft:crouch_one_cm":309,"minecraft:play_time":177314,"minecraft:deaths":1,"minecraft:sneak_time":1384,"minecraft:walk_under_water_one_cm":261,"minecraft:jump":2070,"minecraft:leave_game":8,"minecraft:walk_on_water_one_cm":4213,"minecraft:time_since_death":171290,"minecraft:total_world_time":177314,"minecraft:inspect_dispenser":5,"minecraft:fall_one_cm":10836},"minecraft:killed":{"minecraft:skeleton":1},"minecraft:crafted":{"minecraft:bone_meal":6},"minecraft:used":{"minecraft:redstone_torch":4,"minecraft:glass":8,"paraglider:horned_statue":1,"minecraft:netherite_sword":4,"minecraft:black_concrete":58,"minecraft:apple":7,"minecraft:grass_block":4,"minecraft:lantern":2,"minecraft:armor_stand":2,"minecraft:bread":2,"minecraft:dispenser":1,"minecraft:redstone":31,"minecraft:tinted_glass":120,"minecraft:stone":3,"alexsmobs:spawn_egg_cockroach":1,"alexsmobs:maraca":1,"minecraft:dirt":18,"minecraft:repeater":4,"minecraft:lime_concrete":2,"minecraft:bow":2,"alexsmobs:animal_dictionary":1,"minecraft:white_concrete":20}},"DataVersion":3465}