{"stats":{"minecraft:used":{"minecraft:redstone_torch":4,"minecraft:glass":8,"minecraft:netherite_sword":4,"paraglider:horned_statue":1,"minecraft:black_concrete":58,"minecraft:apple":7,"minecraft:armor_stand":2,"minecraft:lantern":2,"minecraft:grass_block":4,"minecraft:bread":2,"minecraft:dispenser":1,"minecraft:redstone":31,"minecraft:tinted_glass":120,"minecraft:stone":3,"minecraft:iron_sword":15,"alexsmobs:spawn_egg_cockroach":1,"minecraft:dirt":18,"minecraft:repeater":4,"alexsmobs:maraca":1,"minecraft:lime_concrete":2,"minecraft:bow":7,"securitycraft:keypad_item":2,"alexsmobs:animal_dictionary":1,"minecraft:white_concrete":20},"minecraft:crafted":{"minecraft:bone_meal":6},"minecraft:killed":{"minecraft:skeleton":1,"minecraft:iron_golem":1},"minecraft:custom":{"minecraft:time_since_rest":200658,"minecraft:sprint_one_cm":405754,"minecraft:damage_taken":70,"minecraft:walk_one_cm":104000,"minecraft:interact_with_anvil":1,"minecraft:mob_kills":2,"minecraft:drop":10,"minecraft:damage_dealt":873,"minecraft:interact_with_crafting_table":2,"minecraft:swim_one_cm":3728,"minecraft:fly_one_cm":3335845,"minecraft:open_chest":8,"minecraft:crouch_one_cm":309,"minecraft:play_time":206654,"minecraft:deaths":1,"minecraft:sneak_time":1902,"minecraft:walk_under_water_one_cm":2312,"minecraft:jump":2957,"minecraft:leave_game":8,"minecraft:walk_on_water_one_cm":6143,"minecraft:time_since_death":200630,"minecraft:climb_one_cm":60,"minecraft:total_world_time":206654,"minecraft:fall_one_cm":10836,"minecraft:inspect_dispenser":5},"minecraft:dropped":{"alexsmobs:animal_dictionary":2,"minecraft:crafting_table":1,"minecraft:raw_iron":2,"minecraft:oak_boat":1,"minecraft:apple":64,"minecraft:armor_stand":1,"minecraft:stick":65},"minecraft:picked_up":{"minecraft:crafting_table":1,"minecraft:raw_iron":2,"minecraft:stick":129,"minecraft:dark_oak_button":1,"minecraft:redstone":1,"alexsmobs:animal_dictionary":4,"minecraft:armor_stand":145,"minecraft:arrow":55,"minecraft:bone":2,"minecraft:apple":59,"minecraft:bow":1,"minecraft:wheat_seeds":6,"minecraft:oak_boat":1,"minecraft:redstone_torch":4,"minecraft:white_concrete":1,"minecraft:emerald":17,"minecraft:bread":2,"paraglider:horned_statue":1}},"DataVersion":3465}