{"stats":{"minecraft:picked_up":{"minecraft:white_concrete":1,"minecraft:wheat_seeds":2,"alexsmobs:animal_dictionary":1},"minecraft:custom":{"minecraft:jump":549,"minecraft:time_since_rest":11760,"minecraft:sprint_one_cm":52332,"minecraft:play_time":17756,"minecraft:deaths":1,"minecraft:time_since_death":11732,"minecraft:walk_one_cm":7768,"minecraft:total_world_time":17756,"minecraft:fall_one_cm":5817,"minecraft:fly_one_cm":224256},"minecraft:used":{"minecraft:white_concrete":10,"minecraft:dirt":8,"minecraft:apple":7}},"DataVersion":3465}