{"stats":{"minecraft:picked_up":{"minecraft:dark_oak_button":1,"minecraft:white_concrete":1,"minecraft:wheat_seeds":2,"alexsmobs:animal_dictionary":1},"minecraft:custom":{"minecraft:jump":768,"minecraft:open_chest":4,"minecraft:time_since_rest":23760,"minecraft:crouch_one_cm":66,"minecraft:sneak_time":64,"minecraft:sprint_one_cm":77093,"minecraft:play_time":29756,"minecraft:deaths":1,"minecraft:time_since_death":23732,"minecraft:walk_one_cm":21269,"minecraft:total_world_time":29756,"minecraft:fall_one_cm":5817,"minecraft:fly_one_cm":321142},"minecraft:used":{"minecraft:tinted_glass":120,"minecraft:glass":8,"minecraft:black_concrete":58,"minecraft:white_concrete":10,"minecraft:dirt":8,"minecraft:apple":7,"minecraft:bow":2}},"DataVersion":3465}