{"stats":{"minecraft:picked_up":{"minecraft:dark_oak_button":1,"minecraft:wheat_seeds":5,"minecraft:white_concrete":1,"alexsmobs:animal_dictionary":1},"minecraft:custom":{"minecraft:time_since_rest":35760,"minecraft:open_chest":4,"minecraft:crouch_one_cm":66,"minecraft:play_time":41756,"minecraft:sprint_one_cm":85998,"minecraft:walk_one_cm":24930,"minecraft:deaths":1,"minecraft:sneak_time":64,"minecraft:jump":831,"minecraft:walk_on_water_one_cm":317,"minecraft:time_since_death":35732,"minecraft:total_world_time":41756,"minecraft:fall_one_cm":5817,"minecraft:fly_one_cm":465221},"minecraft:used":{"minecraft:glass":8,"minecraft:black_concrete":58,"minecraft:apple":7,"minecraft:dirt":8,"minecraft:bow":2,"minecraft:lantern":2,"minecraft:tinted_glass":120,"minecraft:white_concrete":10}},"DataVersion":3465}