{"stats":{"minecraft:killed":{"minecraft:skeleton":1},"minecraft:dropped":{"alexsmobs:animal_dictionary":1,"minecraft:stick":65},"minecraft:custom":{"minecraft:open_chest":4,"minecraft:time_since_rest":89044,"minecraft:damage_taken":10,"minecraft:crouch_one_cm":290,"minecraft:play_time":95040,"minecraft:sprint_one_cm":199104,"minecraft:deaths":1,"minecraft:walk_one_cm":67692,"minecraft:sneak_time":162,"minecraft:mob_kills":1,"minecraft:drop":3,"minecraft:jump":1128,"minecraft:damage_dealt":271,"minecraft:leave_game":4,"minecraft:time_since_death":89016,"minecraft:walk_on_water_one_cm":3116,"minecraft:total_world_time":95040,"minecraft:fall_one_cm":6026,"minecraft:fly_one_cm":614041,"minecraft:inspect_dispenser":4},"minecraft:picked_up":{"minecraft:stick":129,"minecraft:armor_stand":144,"minecraft:dark_oak_button":1,"minecraft:wheat_seeds":5,"minecraft:redstone_torch":4,"minecraft:white_concrete":1,"minecraft:redstone":1,"alexsmobs:animal_dictionary":2},"minecraft:used":{"minecraft:redstone_torch":4,"minecraft:glass":8,"minecraft:black_concrete":58,"minecraft:repeater":4,"minecraft:apple":7,"minecraft:dirt":18,"minecraft:bow":2,"minecraft:lime_concrete":2,"minecraft:armor_stand":2,"minecraft:lantern":2,"minecraft:grass_block":4,"minecraft:dispenser":1,"minecraft:redstone":31,"minecraft:tinted_glass":120,"minecraft:white_concrete":20,"minecraft:stone":3,"minecraft:netherite_sword":4}},"DataVersion":3465}