{"stats":{"minecraft:picked_up":{"minecraft:armor_stand":141,"minecraft:dark_oak_button":1,"minecraft:wheat_seeds":5,"minecraft:redstone_torch":3,"minecraft:white_concrete":1,"minecraft:redstone":1,"alexsmobs:animal_dictionary":1},"minecraft:custom":{"minecraft:time_since_rest":59760,"minecraft:open_chest":4,"minecraft:crouch_one_cm":66,"minecraft:play_time":65756,"minecraft:sprint_one_cm":113404,"minecraft:walk_one_cm":35576,"minecraft:deaths":1,"minecraft:sneak_time":64,"minecraft:jump":893,"minecraft:walk_on_water_one_cm":317,"minecraft:time_since_death":59732,"minecraft:total_world_time":65756,"minecraft:inspect_dispenser":2,"minecraft:fall_one_cm":5817,"minecraft:fly_one_cm":537693},"minecraft:used":{"minecraft:glass":8,"minecraft:black_concrete":58,"minecraft:apple":7,"minecraft:dirt":9,"minecraft:lime_concrete":2,"minecraft:bow":2,"minecraft:lantern":2,"minecraft:grass_block":4,"minecraft:dispenser":1,"minecraft:redstone":1,"minecraft:tinted_glass":120,"minecraft:white_concrete":19}},"DataVersion":3465}