{"stats":{"minecraft:used":{"minecraft:redstone_torch":4,"minecraft:glass":8,"minecraft:netherite_sword":4,"paraglider:horned_statue":1,"minecraft:black_concrete":58,"minecraft:apple":7,"minecraft:armor_stand":2,"minecraft:lantern":2,"minecraft:grass_block":4,"minecraft:bread":2,"minecraft:dispenser":1,"minecraft:redstone":31,"minecraft:tinted_glass":120,"minecraft:stone":3,"minecraft:iron_sword":16,"minecraft:diamond_ore":5,"alexsmobs:spawn_egg_cockroach":1,"minecraft:deepslate":1,"minecraft:mossy_cobblestone":1,"minecraft:deepslate_diamond_ore":3,"minecraft:dirt":18,"minecraft:repeater":4,"alexsmobs:maraca":1,"minecraft:lime_concrete":2,"minecraft:bow":7,"securitycraft:keypad_item":2,"minecraft:tuff":4,"alexsmobs:animal_dictionary":1,"minecraft:white_concrete":20},"minecraft:crafted":{"minecraft:bone_meal":6},"minecraft:killed":{"minecraft:skeleton":1,"minecraft:zombie":1,"minecraft:iron_golem":1},"minecraft:custom":{"minecraft:time_since_rest":229295,"minecraft:sprint_one_cm":443767,"minecraft:damage_taken":213,"minecraft:walk_one_cm":119121,"minecraft:interact_with_anvil":1,"minecraft:mob_kills":3,"minecraft:drop":18,"minecraft:damage_dealt":1114,"minecraft:interact_with_crafting_table":2,"minecraft:swim_one_cm":3728,"minecraft:fly_one_cm":4126525,"minecraft:open_chest":8,"minecraft:crouch_one_cm":441,"minecraft:play_time":235291,"minecraft:deaths":1,"minecraft:sneak_time":2868,"minecraft:walk_under_water_one_cm":4542,"minecraft:jump":3176,"minecraft:leave_game":9,"minecraft:walk_on_water_one_cm":10520,"minecraft:time_since_death":229267,"minecraft:climb_one_cm":223,"minecraft:total_world_time":235291,"minecraft:fall_one_cm":13385,"minecraft:inspect_dispenser":5},"minecraft:picked_up":{"minecraft:crafting_table":1,"minecraft:raw_iron":2,"minecraft:stick":131,"minecraft:dark_oak_button":1,"minecraft:oak_log":1,"minecraft:redstone":1,"alexsmobs:animal_dictionary":4,"minecraft:diamond":2,"minecraft:rotten_flesh":2,"minecraft:armor_stand":145,"minecraft:arrow":55,"minecraft:bone":2,"minecraft:apple":59,"minecraft:bow":1,"minecraft:wheat_seeds":6,"minecraft:iron_ingot":4,"minecraft:calcite":1,"minecraft:oak_boat":1,"minecraft:redstone_torch":4,"minecraft:white_concrete":1,"minecraft:emerald":17,"minecraft:bread":6,"minecraft:iron_pickaxe":1,"paraglider:horned_statue":1},"minecraft:dropped":{"minecraft:iron_ingot":2,"minecraft:oak_log":1,"alexsmobs:animal_dictionary":2,"minecraft:crafting_table":1,"minecraft:raw_iron":2,"minecraft:oak_boat":1,"minecraft:rotten_flesh":2,"minecraft:apple":64,"minecraft:calcite":1,"minecraft:armor_stand":1,"minecraft:stick":68}},"DataVersion":3465}