{"stats":{"minecraft:killed":{"minecraft:skeleton":1},"minecraft:dropped":{"alexsmobs:animal_dictionary":1,"minecraft:apple":64,"minecraft:armor_stand":1,"minecraft:stick":65},"minecraft:custom":{"minecraft:time_since_rest":132034,"minecraft:sprint_one_cm":226400,"minecraft:damage_taken":10,"minecraft:walk_one_cm":75931,"minecraft:mob_kills":1,"minecraft:drop":5,"minecraft:damage_dealt":290,"minecraft:fly_one_cm":1796346,"minecraft:open_chest":7,"minecraft:crouch_one_cm":309,"minecraft:play_time":138030,"minecraft:deaths":1,"minecraft:walk_under_water_one_cm":261,"minecraft:sneak_time":924,"minecraft:jump":1232,"minecraft:leave_game":6,"minecraft:walk_on_water_one_cm":3877,"minecraft:time_since_death":132006,"minecraft:total_world_time":138030,"minecraft:fall_one_cm":6026,"minecraft:inspect_dispenser":5},"minecraft:picked_up":{"minecraft:stick":129,"minecraft:dark_oak_button":1,"minecraft:redstone":1,"alexsmobs:animal_dictionary":2,"minecraft:armor_stand":145,"minecraft:apple":59,"minecraft:wheat_seeds":5,"minecraft:redstone_torch":4,"minecraft:white_concrete":1},"minecraft:used":{"minecraft:redstone_torch":4,"minecraft:glass":8,"minecraft:netherite_sword":4,"minecraft:black_concrete":58,"minecraft:apple":7,"minecraft:grass_block":4,"minecraft:lantern":2,"minecraft:armor_stand":2,"minecraft:dispenser":1,"minecraft:redstone":31,"minecraft:tinted_glass":120,"minecraft:stone":3,"minecraft:repeater":4,"minecraft:dirt":18,"minecraft:lime_concrete":2,"minecraft:bow":2,"minecraft:white_concrete":20}},"DataVersion":3465}