{"stats":{"minecraft:dropped":{"alexsmobs:animal_dictionary":1,"minecraft:apple":64,"minecraft:armor_stand":1,"minecraft:stick":65},"minecraft:picked_up":{"minecraft:stick":129,"minecraft:dark_oak_button":1,"minecraft:redstone":1,"alexsmobs:animal_dictionary":2,"minecraft:armor_stand":145,"minecraft:apple":59,"minecraft:wheat_seeds":6,"minecraft:redstone_torch":4,"minecraft:white_concrete":1},"minecraft:custom":{"minecraft:time_since_rest":142693,"minecraft:sprint_one_cm":230795,"minecraft:damage_taken":10,"minecraft:walk_one_cm":77244,"minecraft:interact_with_anvil":1,"minecraft:mob_kills":1,"minecraft:drop":5,"minecraft:damage_dealt":290,"minecraft:fly_one_cm":2137967,"minecraft:open_chest":7,"minecraft:crouch_one_cm":309,"minecraft:play_time":148689,"minecraft:deaths":1,"minecraft:sneak_time":1256,"minecraft:walk_under_water_one_cm":261,"minecraft:jump":1233,"minecraft:leave_game":7,"minecraft:walk_on_water_one_cm":3877,"minecraft:time_since_death":142665,"minecraft:total_world_time":148689,"minecraft:inspect_dispenser":5,"minecraft:fall_one_cm":6026},"minecraft:killed":{"minecraft:skeleton":1},"minecraft:used":{"minecraft:redstone_torch":4,"minecraft:glass":8,"minecraft:netherite_sword":4,"minecraft:black_concrete":58,"minecraft:apple":7,"minecraft:grass_block":4,"minecraft:lantern":2,"minecraft:armor_stand":2,"minecraft:dispenser":1,"minecraft:redstone":31,"minecraft:tinted_glass":120,"minecraft:stone":3,"minecraft:dirt":18,"minecraft:repeater":4,"minecraft:lime_concrete":2,"minecraft:bow":2,"minecraft:white_concrete":20}},"DataVersion":3465}