{"stats":{"minecraft:used":{"minecraft:cooked_mutton":1,"minecraft:diorite":1,"minecraft:stone_pickaxe":81,"minecraft:oak_planks":2,"minecraft:wooden_pickaxe":21,"minecraft:shield":11,"minecraft:torch":2,"minecraft:crafting_table":3,"minecraft:smoker":1,"minecraft:wooden_axe":15,"minecraft:iron_pickaxe":84,"minecraft:stone_axe":42,"minecraft:cobblestone":17,"minecraft:furnace":1,"minecraft:cooked_porkchop":4,"alexsmobs:animal_dictionary":2},"minecraft:mined":{"minecraft:deepslate_diamond_ore":2,"minecraft:smoker":1,"minecraft:crafting_table":3,"minecraft:deepslate_gold_ore":7,"minecraft:diorite":2,"minecraft:furnace":1,"minecraft:iron_ore":30,"minecraft:pumpkin":1,"minecraft:deepslate_lapis_ore":2,"minecraft:coal_ore":50,"minecraft:oak_log":20,"minecraft:deepslate_iron_ore":20,"minecraft:stone":57,"minecraft:oak_leaves":1,"minecraft:deepslate":14},"minecraft:killed":{"minecraft:pig":3,"minecraft:spider":3,"minecraft:sheep":1,"minecraft:skeleton":5,"minecraft:zombie":8,"alexsmobs:terrapin":1,"minecraft:glow_squid":2},"minecraft:crafted":{"minecraft:oak_planks":64,"minecraft:cooked_porkchop":6,"minecraft:crafting_table":1,"minecraft:wooden_pickaxe":1,"minecraft:furnace":2,"minecraft:stone_axe":1,"minecraft:cooked_mutton":1,"minecraft:air":0,"minecraft:shield":1,"minecraft:stick":12,"minecraft:iron_ingot":7,"minecraft:iron_pickaxe":1,"minecraft:stone_pickaxe":1,"minecraft:wooden_axe":1,"minecraft:torch":8,"minecraft:smoker":1},"minecraft:custom":{"minecraft:interact_with_furnace":11,"minecraft:mob_kills":23,"minecraft:interact_with_crafting_table":9,"minecraft:time_since_death":26543,"minecraft:time_since_rest":26543,"minecraft:sprint_one_cm":69767,"minecraft:damage_taken":355,"minecraft:walk_one_cm":50244,"minecraft:damage_blocked_by_shield":550,"minecraft:damage_dealt":3992,"minecraft:swim_one_cm":7420,"minecraft:fly_one_cm":106910,"minecraft:open_chest":2,"minecraft:crouch_one_cm":6576,"minecraft:play_time":26543,"minecraft:sneak_time":2254,"minecraft:walk_under_water_one_cm":4961,"minecraft:jump":632,"minecraft:walk_on_water_one_cm":7702,"minecraft:total_world_time":26543,"minecraft:interact_with_smoker":5,"minecraft:fall_one_cm":17709},"minecraft:picked_up":{"minecraft:crafting_table":3,"minecraft:glow_ink_sac":5,"minecraft:smoker":1,"minecraft:oak_log":20,"minecraft:lapis_lazuli":10,"minecraft:string":1,"minecraft:bone":6,"minecraft:cobbled_deepslate":13,"minecraft:raw_gold":7,"minecraft:furnace":1,"minecraft:raw_iron":49,"minecraft:pumpkin":1,"minecraft:porkchop":6,"minecraft:diorite":2,"minecraft:spider_eye":1,"minecraft:arrow":2,"minecraft:rotten_flesh":12,"minecraft:diamond":2,"minecraft:gray_wool":1,"minecraft:mutton":1,"minecraft:coal":68,"minecraft:cobblestone":57}},"DataVersion":3465}