{"stats":{"minecraft:used":{"minecraft:wooden_axe":15,"minecraft:crafting_table":2,"minecraft:stone_pickaxe":34,"minecraft:oak_planks":1,"alexsmobs:animal_dictionary":2,"minecraft:wooden_pickaxe":21},"minecraft:mined":{"minecraft:coal_ore":28,"minecraft:oak_log":20,"minecraft:stone":27,"minecraft:pumpkin":1,"minecraft:oak_leaves":1,"minecraft:crafting_table":2},"minecraft:crafted":{"minecraft:oak_planks":56,"minecraft:crafting_table":1,"minecraft:stick":8,"minecraft:wooden_pickaxe":1,"minecraft:stone_pickaxe":1,"minecraft:wooden_axe":1},"minecraft:killed":{"minecraft:sheep":1,"minecraft:pig":3,"alexsmobs:terrapin":1},"minecraft:custom":{"minecraft:time_since_rest":8543,"minecraft:crouch_one_cm":2289,"minecraft:play_time":8543,"minecraft:sprint_one_cm":18167,"minecraft:walk_one_cm":14146,"minecraft:sneak_time":667,"minecraft:walk_under_water_one_cm":846,"minecraft:mob_kills":5,"minecraft:jump":154,"minecraft:damage_dealt":480,"minecraft:walk_on_water_one_cm":661,"minecraft:time_since_death":8543,"minecraft:total_world_time":8543,"minecraft:swim_one_cm":1150,"minecraft:interact_with_crafting_table":2,"minecraft:fall_one_cm":3522,"minecraft:fly_one_cm":35972},"minecraft:picked_up":{"minecraft:crafting_table":2,"minecraft:pumpkin":1,"minecraft:porkchop":6,"minecraft:gray_wool":1,"minecraft:oak_log":20,"minecraft:mutton":1,"minecraft:coal":27,"minecraft:cobblestone":27}},"DataVersion":3465}