{"stats":{"minecraft:used":{"minecraft:cooked_mutton":1,"minecraft:water_bucket":4,"minecraft:diorite":1,"minecraft:stone_pickaxe":81,"minecraft:oak_planks":5,"minecraft:wooden_pickaxe":21,"minecraft:shield":14,"minecraft:iron_sword":20,"minecraft:rotten_flesh":5,"minecraft:torch":3,"minecraft:dirt":2,"minecraft:mutton":2,"minecraft:crafting_table":7,"minecraft:blast_furnace":3,"minecraft:smoker":1,"minecraft:wooden_axe":15,"minecraft:iron_axe":1,"minecraft:iron_pickaxe":123,"minecraft:stone_axe":70,"minecraft:cobblestone":26,"minecraft:furnace":2,"minecraft:cooked_porkchop":6,"minecraft:bucket":5,"alexsmobs:animal_dictionary":2,"minecraft:cobbled_deepslate":12},"minecraft:mined":{"minecraft:deepslate_diamond_ore":10,"minecraft:smoker":1,"minecraft:crafting_table":7,"minecraft:blast_furnace":2,"minecraft:grass_block":2,"minecraft:cobblestone":1,"minecraft:deepslate_gold_ore":7,"minecraft:oak_planks":1,"minecraft:diorite":2,"minecraft:wall_torch":1,"minecraft:hay_block":21,"minecraft:furnace":2,"minecraft:iron_ore":30,"minecraft:pumpkin":1,"minecraft:deepslate_lapis_ore":7,"minecraft:grass":4,"minecraft:coal_ore":50,"minecraft:oak_log":20,"minecraft:deepslate_iron_ore":32,"minecraft:stone":57,"minecraft:oak_leaves":1,"minecraft:deepslate":23},"minecraft:killed":{"minecraft:pig":14,"minecraft:spider":4,"minecraft:sheep":2,"minecraft:skeleton":6,"minecraft:zombie":11,"alexsmobs:terrapin":1,"minecraft:chicken":2,"minecraft:glow_squid":2,"minecraft:cow":4},"minecraft:crafted":{"minecraft:smooth_stone":3,"minecraft:oak_planks":64,"minecraft:cooked_porkchop":6,"minecraft:crafting_table":1,"minecraft:wooden_pickaxe":1,"minecraft:iron_helmet":1,"minecraft:iron_sword":1,"minecraft:furnace":3,"minecraft:blast_furnace":1,"minecraft:stone":3,"minecraft:stone_axe":1,"minecraft:cooked_mutton":1,"minecraft:air":0,"minecraft:iron_boots":1,"minecraft:iron_chestplate":1,"minecraft:shield":1,"minecraft:iron_axe":1,"minecraft:stick":16,"minecraft:iron_ingot":51,"minecraft:iron_pickaxe":1,"minecraft:stone_pickaxe":1,"minecraft:wooden_axe":1,"minecraft:iron_leggings":1,"minecraft:torch":8,"minecraft:smoker":1},"minecraft:custom":{"minecraft:interact_with_furnace":30,"minecraft:mob_kills":46,"minecraft:interact_with_crafting_table":23,"minecraft:damage_dealt_resisted":62,"minecraft:time_since_death":50543,"minecraft:time_since_rest":50543,"minecraft:sprint_one_cm":108210,"minecraft:damage_taken":625,"minecraft:walk_one_cm":88498,"minecraft:damage_blocked_by_shield":620,"minecraft:drop":4,"minecraft:damage_dealt":6660,"minecraft:talked_to_villager":1,"minecraft:swim_one_cm":15556,"minecraft:fly_one_cm":185331,"minecraft:open_chest":4,"minecraft:crouch_one_cm":12185,"minecraft:play_time":50543,"minecraft:sneak_time":3713,"minecraft:walk_under_water_one_cm":16619,"minecraft:jump":1078,"minecraft:interact_with_blast_furnace":12,"minecraft:walk_on_water_one_cm":15085,"minecraft:total_world_time":50543,"minecraft:interact_with_smoker":5,"minecraft:fall_one_cm":32831},"minecraft:picked_up":{"minecraft:crafting_table":7,"minecraft:feather":1,"minecraft:chicken":2,"minecraft:glow_ink_sac":5,"minecraft:leather":4,"minecraft:smoker":1,"minecraft:oak_log":20,"minecraft:dirt":2,"minecraft:lapis_lazuli":42,"minecraft:string":2,"minecraft:bone":7,"minecraft:wheat_seeds":1,"minecraft:cobbled_deepslate":20,"minecraft:raw_gold":7,"minecraft:beef":10,"minecraft:oak_planks":1,"minecraft:furnace":2,"minecraft:raw_iron":62,"minecraft:pumpkin":1,"minecraft:torch":1,"minecraft:porkchop":27,"minecraft:blast_furnace":2,"minecraft:diorite":2,"minecraft:spider_eye":1,"minecraft:arrow":4,"minecraft:rotten_flesh":17,"minecraft:diamond":10,"minecraft:hay_block":21,"minecraft:gray_wool":1,"minecraft:mutton":3,"minecraft:coal":86,"minecraft:white_wool":1,"minecraft:cobblestone":57},"minecraft:dropped":{"minecraft:iron_ingot":7,"minecraft:diorite":1,"minecraft:wooden_axe":1,"minecraft:wooden_pickaxe":1},"minecraft:broken":{"minecraft:stone_axe":1}},"DataVersion":3465}