{"stats":{"minecraft:used":{"minecraft:cooked_mutton":1,"minecraft:water_bucket":4,"minecraft:diorite":1,"minecraft:stone_pickaxe":81,"minecraft:oak_planks":5,"minecraft:wooden_pickaxe":21,"minecraft:shield":16,"minecraft:iron_sword":36,"minecraft:rotten_flesh":5,"minecraft:torch":3,"minecraft:dirt":2,"minecraft:mutton":2,"minecraft:crafting_table":8,"minecraft:blast_furnace":3,"minecraft:smoker":1,"minecraft:wooden_axe":15,"minecraft:iron_axe":7,"minecraft:bread":4,"minecraft:iron_pickaxe":123,"minecraft:stone_axe":70,"minecraft:cobblestone":26,"minecraft:furnace":2,"minecraft:cooked_porkchop":6,"minecraft:bucket":5,"alexsmobs:animal_dictionary":2,"minecraft:cobbled_deepslate":12},"minecraft:mined":{"minecraft:deepslate_diamond_ore":10,"minecraft:smoker":1,"minecraft:crafting_table":8,"minecraft:blast_furnace":2,"minecraft:grass_block":2,"minecraft:tall_grass":1,"minecraft:cobblestone":1,"minecraft:deepslate_gold_ore":7,"minecraft:oak_planks":1,"minecraft:diorite":2,"minecraft:wall_torch":1,"minecraft:hay_block":21,"minecraft:furnace":2,"minecraft:iron_ore":30,"minecraft:pumpkin":1,"minecraft:deepslate_lapis_ore":7,"minecraft:grass":7,"minecraft:oak_log":24,"minecraft:coal_ore":50,"minecraft:deepslate_iron_ore":32,"minecraft:stone":57,"minecraft:oak_leaves":1,"minecraft:deepslate":23},"minecraft:killed":{"minecraft:pig":14,"minecraft:spider":4,"minecraft:sheep":6,"minecraft:skeleton":7,"minecraft:zombie":12,"alexsmobs:terrapin":1,"minecraft:chicken":2,"minecraft:glow_squid":2,"minecraft:cow":4},"minecraft:crafted":{"minecraft:smooth_stone":3,"minecraft:oak_planks":64,"minecraft:cooked_porkchop":6,"minecraft:crafting_table":1,"minecraft:wooden_pickaxe":1,"minecraft:iron_helmet":1,"minecraft:iron_sword":1,"minecraft:furnace":3,"minecraft:blast_furnace":1,"minecraft:stone":3,"minecraft:stone_axe":1,"minecraft:cooked_mutton":1,"minecraft:air":0,"minecraft:iron_boots":1,"minecraft:iron_chestplate":1,"minecraft:shield":1,"minecraft:iron_axe":1,"minecraft:stick":16,"minecraft:iron_ingot":51,"minecraft:iron_pickaxe":1,"minecraft:stone_pickaxe":1,"minecraft:wooden_axe":1,"minecraft:chest":2,"minecraft:iron_leggings":1,"minecraft:torch":8,"minecraft:smoker":1},"minecraft:custom":{"minecraft:interact_with_furnace":30,"minecraft:mob_kills":52,"minecraft:interact_with_crafting_table":24,"minecraft:damage_dealt_resisted":62,"minecraft:leave_game":1,"minecraft:time_since_death":55576,"minecraft:time_since_rest":55576,"minecraft:sprint_one_cm":115650,"minecraft:damage_taken":672,"minecraft:walk_one_cm":98551,"minecraft:damage_blocked_by_shield":680,"minecraft:drop":8,"minecraft:damage_dealt":7659,"minecraft:swim_one_cm":15556,"minecraft:fly_one_cm":208659,"minecraft:talked_to_villager":1,"minecraft:open_chest":4,"minecraft:crouch_one_cm":12185,"minecraft:play_time":55576,"minecraft:sneak_time":3713,"minecraft:walk_under_water_one_cm":16619,"minecraft:jump":1174,"minecraft:interact_with_blast_furnace":12,"minecraft:walk_on_water_one_cm":15085,"minecraft:total_world_time":55576,"minecraft:interact_with_smoker":5,"minecraft:fall_one_cm":34085},"minecraft:picked_up":{"minecraft:crafting_table":8,"minecraft:feather":1,"minecraft:chicken":2,"minecraft:glow_ink_sac":5,"minecraft:leather":4,"minecraft:smoker":1,"minecraft:oak_log":24,"minecraft:dirt":2,"minecraft:lapis_lazuli":42,"minecraft:string":2,"minecraft:bone":7,"minecraft:wheat_seeds":2,"minecraft:cobbled_deepslate":20,"minecraft:raw_gold":7,"minecraft:beef":10,"minecraft:oak_planks":1,"minecraft:furnace":2,"minecraft:raw_iron":62,"minecraft:pumpkin":1,"minecraft:torch":1,"sophisticatedbackpacks:backpack":1,"minecraft:porkchop":27,"minecraft:blast_furnace":2,"minecraft:diorite":2,"minecraft:spider_eye":1,"minecraft:arrow":5,"minecraft:rotten_flesh":18,"minecraft:diamond":10,"minecraft:hay_block":21,"minecraft:gray_wool":1,"minecraft:bread":4,"minecraft:mutton":9,"minecraft:coal":86,"minecraft:white_wool":5,"minecraft:cobblestone":57},"minecraft:dropped":{"minecraft:iron_ingot":7,"sophisticatedbackpacks:backpack":1,"minecraft:diorite":1,"minecraft:wooden_axe":1,"minecraft:chest":2,"minecraft:wooden_pickaxe":1,"minecraft:string":3},"minecraft:broken":{"minecraft:stone_axe":1}},"DataVersion":3465}