{"stats":{"minecraft:used":{"minecraft:cooked_mutton":1,"minecraft:diorite":1,"minecraft:stone_pickaxe":81,"minecraft:oak_planks":2,"minecraft:wooden_pickaxe":21,"minecraft:shield":12,"minecraft:torch":2,"minecraft:crafting_table":7,"minecraft:blast_furnace":1,"minecraft:smoker":1,"minecraft:wooden_axe":15,"minecraft:iron_pickaxe":101,"minecraft:stone_axe":52,"minecraft:cobblestone":26,"minecraft:furnace":2,"minecraft:cooked_porkchop":6,"alexsmobs:animal_dictionary":2,"minecraft:cobbled_deepslate":8},"minecraft:mined":{"minecraft:deepslate_diamond_ore":6,"minecraft:smoker":1,"minecraft:crafting_table":7,"minecraft:blast_furnace":1,"minecraft:deepslate_gold_ore":7,"minecraft:diorite":2,"minecraft:furnace":2,"minecraft:iron_ore":30,"minecraft:pumpkin":1,"minecraft:deepslate_lapis_ore":7,"minecraft:coal_ore":50,"minecraft:oak_log":20,"minecraft:deepslate_iron_ore":22,"minecraft:stone":57,"minecraft:oak_leaves":1,"minecraft:deepslate":18},"minecraft:killed":{"minecraft:pig":3,"minecraft:spider":3,"minecraft:sheep":1,"minecraft:skeleton":6,"minecraft:zombie":9,"alexsmobs:terrapin":1,"minecraft:glow_squid":2},"minecraft:crafted":{"minecraft:smooth_stone":3,"minecraft:oak_planks":64,"minecraft:cooked_porkchop":6,"minecraft:crafting_table":1,"minecraft:wooden_pickaxe":1,"minecraft:iron_helmet":1,"minecraft:iron_sword":1,"minecraft:furnace":3,"minecraft:blast_furnace":1,"minecraft:stone":3,"minecraft:stone_axe":1,"minecraft:cooked_mutton":1,"minecraft:air":0,"minecraft:iron_boots":1,"minecraft:iron_chestplate":1,"minecraft:shield":1,"minecraft:iron_axe":1,"minecraft:stick":16,"minecraft:iron_ingot":51,"minecraft:iron_pickaxe":1,"minecraft:stone_pickaxe":1,"minecraft:wooden_axe":1,"minecraft:iron_leggings":1,"minecraft:torch":8,"minecraft:smoker":1},"minecraft:custom":{"minecraft:interact_with_furnace":30,"minecraft:mob_kills":25,"minecraft:interact_with_crafting_table":22,"minecraft:damage_dealt_resisted":62,"minecraft:time_since_death":38543,"minecraft:time_since_rest":38543,"minecraft:sprint_one_cm":78983,"minecraft:damage_taken":473,"minecraft:walk_one_cm":58754,"minecraft:damage_blocked_by_shield":580,"minecraft:drop":3,"minecraft:damage_dealt":4390,"minecraft:swim_one_cm":7420,"minecraft:fly_one_cm":117480,"minecraft:open_chest":2,"minecraft:crouch_one_cm":11435,"minecraft:play_time":38543,"minecraft:sneak_time":3453,"minecraft:walk_under_water_one_cm":4961,"minecraft:jump":725,"minecraft:interact_with_blast_furnace":11,"minecraft:walk_on_water_one_cm":10031,"minecraft:total_world_time":38543,"minecraft:interact_with_smoker":5,"minecraft:fall_one_cm":20883},"minecraft:dropped":{"minecraft:diorite":1,"minecraft:wooden_axe":1,"minecraft:wooden_pickaxe":1},"minecraft:picked_up":{"minecraft:crafting_table":7,"minecraft:glow_ink_sac":5,"minecraft:smoker":1,"minecraft:oak_log":20,"minecraft:lapis_lazuli":42,"minecraft:string":1,"minecraft:bone":7,"minecraft:cobbled_deepslate":17,"minecraft:raw_gold":7,"minecraft:furnace":2,"minecraft:raw_iron":52,"minecraft:pumpkin":1,"minecraft:porkchop":6,"minecraft:blast_furnace":1,"minecraft:diorite":2,"minecraft:spider_eye":1,"minecraft:arrow":4,"minecraft:rotten_flesh":14,"minecraft:diamond":5,"minecraft:gray_wool":1,"minecraft:mutton":1,"minecraft:coal":86,"minecraft:cobblestone":57}},"DataVersion":3465}