{"stats":{"minecraft:dropped":{"minecraft:oak_sapling":1},"minecraft:mined":{"minecraft:iron_ore":33,"minecraft:crafting_table":1,"minecraft:oak_log":11,"minecraft:grass_block":1,"minecraft:coal_ore":41,"minecraft:dirt":2,"minecraft:cobblestone":2,"minecraft:stone":18,"minecraft:oak_leaves":2},"minecraft:custom":{"minecraft:time_since_rest":13719,"minecraft:sprint_one_cm":21388,"minecraft:damage_taken":110,"minecraft:walk_one_cm":28510,"minecraft:drop":1,"minecraft:damage_dealt":40,"minecraft:interact_with_crafting_table":3,"minecraft:fly_one_cm":16165,"minecraft:open_chest":6,"minecraft:crouch_one_cm":367,"minecraft:play_time":13719,"minecraft:sneak_time":584,"minecraft:walk_under_water_one_cm":5083,"minecraft:jump":127,"minecraft:time_since_death":13719,"minecraft:walk_on_water_one_cm":1343,"minecraft:total_world_time":13719,"minecraft:fall_one_cm":3092},"minecraft:used":{"minecraft:stone_pickaxe":80,"minecraft:wooden_pickaxe":18,"minecraft:stone_axe":1,"minecraft:torch":21,"minecraft:dirt":3,"minecraft:bow":10,"minecraft:crafting_table":1},"minecraft:crafted":{"minecraft:oak_planks":44,"minecraft:crafting_table":1,"minecraft:stick":20,"minecraft:wooden_pickaxe":1,"minecraft:stone_pickaxe":1,"minecraft:wooden_axe":1,"minecraft:torch":48,"minecraft:stone_axe":1},"minecraft:picked_up":{"minecraft:crafting_table":1,"minecraft:raw_iron":33,"minecraft:oak_log":11,"minecraft:dirt":3,"minecraft:oak_sapling":1,"minecraft:coal":41,"minecraft:cobblestone":19}},"DataVersion":3465}